jersey,person.id,person.fullName,position,team_name,goals
10,8475170,Brayden Schenn,Center,St. Louis Blues,2
10,8476456,Jonathan Huberdeau,Center,Calgary Flames,2
10,8476925,Colton Sissons,Center,Nashville Predators,0
10,8477407,Anthony Duclair,Left Wing,San Jose Sharks,0
10,8478421,A.J. Greer,Left Wing,Boston Bruins,1
10,8478462,Nicolas Roy,Center,Vegas Golden Knights,0
10,8478550,Artemi Panarin,Left Wing,New York Rangers,0
10,8478585,Derek Ryan,Center,Edmonton Oilers,0
10,8480035,Henri Jokiharju,Defenseman,Buffalo Sabres,2
10,8480848,Ty Dellandrea,Center,Dallas Stars,0
10,8481601,Simon Holmstrom,Right Wing,New York Islanders,1
10,8481716,Dmitri Voronkov,Left Wing,Columbus Blue Jackets,0
10,8482055,Drew O'Connor,Left Wing,Pittsburgh Penguins,2
10,8482125,Alexander Holtz,Right Wing,New Jersey Devils,2
10,8482665,Matty Beniers,Center,Seattle Kraken,1
11,8471685,Anze Kopitar,Center,Los Angeles Kings,0
11,8471699,Andrew Cogliano,Center,Colorado Avalanche,0
11,8473533,Jordan Staal,Center,Carolina Hurricanes,0
11,8474150,Mikael Backlund,Center,Calgary Flames,2
11,8475848,Brendan Gallagher,Right Wing,Montréal Canadiens,0
11,8476822,Luke Glendening,Center,Tampa Bay Lightning,1
11,8477503,Max Domi,Center,Toronto Maple Leafs,2
11,8478439,Travis Konecny,Right Wing,Philadelphia Flyers,2
11,8479316,Luke Kunin,Center,San Jose Sharks,0
11,8479365,Trent Frederic,Center,Boston Bruins,0
11,8479390,Taylor Raddysh,Right Wing,Chicago Blackhawks,0
11,8479423,Alex Nylander,Left Wing,Pittsburgh Penguins,2
11,8481239,Samuel Fagemo,Left Wing,Nashville Predators,2
11,8481533,Trevor Zegras,Center,Anaheim Ducks,0
11,8482699,Dylan Guenther,Right Wing,Arizona Coyotes,1
11,8482702,Logan Stankoven,Center,Dallas Stars,2
11,8484166,Adam Fantilli,Center,Columbus Blue Jackets,1
12,8474009,Nick Bonino,Center,New York Rangers,0
12,8474031,Kevin Shattenkirk,Defenseman,Boston Bruins,0
12,8475763,Kevin Hayes,Right Wing,St. Louis Blues,0
12,8475793,Ryan Johansen,Center,Colorado Avalanche,1
12,8476889,Radek Faksa,Center,Dallas Stars,0
12,8478413,Jordan Greenway,Left Wing,Buffalo Sabres,0
12,8478424,Jansen Harkins,Center,Pittsburgh Penguins,2
12,8479675,Trevor Moore,Left Wing,Los Angeles Kings,1
12,8479718,Alex Barré-Boulet,Center,Tampa Bay Lightning,1
12,8480355,Mark Kastelic,Center,Ottawa Senators,0
12,8481557,Matt Boldy,Left Wing,Minnesota Wild,0
12,8481740,Tyce Thompson,Right Wing,New Jersey Devils,1
13,8475745,Charlie Coyle,Center,Boston Bruins,1
13,8476346,Johnny Gaudreau,Left Wing,Columbus Blue Jackets,2
13,8476994,Vinnie Hinostroza,Center,Pittsburgh Penguins,0
13,8477406,Mattias Janmark,Center,Edmonton Oilers,1
13,8477501,Valeri Nichushkin,Right Wing,Colorado Avalanche,0
13,8477933,Sam Reinhart,Center,Florida Panthers,0
13,8478445,Mathew Barzal,Center,New York Islanders,2
13,8478508,Yakov Trenin,Center,Nashville Predators,0
13,8479293,Brandon Tanev,Left Wing,Seattle Kraken,0
13,8480002,Nico Hischier,Center,New Jersey Devils,1
13,8480014,Gabriel Vilardi,Center,Winnipeg Jets,0
13,8480281,Alexey Toropchenko,Right Wing,St. Louis Blues,1
13,8480988,Riley Damiani,Center,Dallas Stars,0
13,8481751,Lukas Rousek,Right Wing,Buffalo Sabres,0
13,8482109,Alexis Lafrenière,Left Wing,New York Rangers,0
13,8484314,Jiri Smejkal,Left Wing,Ottawa Senators,1
14,8473994,Jamie Benn,Left Wing,Dallas Stars,0
14,8474641,Adam Henrique,Center,Anaheim Ducks,0
14,8474679,Gustav Nyquist,Center,Nashville Predators,0
14,8475218,Mattias Ekholm,Defenseman,Edmonton Oilers,0
14,8475780,Chris Wagner,Right Wing,Colorado Avalanche,0
14,8476461,Sean Couturier,Center,Philadelphia Flyers,0
14,8477500,Bo Horvat,Center,New York Islanders,1
14,8477952,Robby Fabbri,Center,Detroit Red Wings,2
14,8478147,Bokondji Imama,Left Wing,Ottawa Senators,0
14,8478493,Joel Eriksson Ek,Center,Minnesota Wild,0
14,8479383,Boris Katchouk,Left Wing,Chicago Blackhawks,0
14,8479414,Nathan Bastian,Right Wing,New Jersey Devils,0
14,8479980,Nicolas Hague,Defenseman,Vegas Golden Knights,1
14,8480018,Nick Suzuki,Center,Montréal Canadiens,1
14,8480070,Ian Mitchell,Defenseman,Boston Bruins,0
14,8480844,Grigori Denisenko,Left Wing,Florida Panthers,0
14,8481572,Ville Heinola,Defenseman,Winnipeg Jets,1
15,8473504,Cal Clutterbuck,Right Wing,New York Islanders,1
15,8475225,Craig Smith,Center,Dallas Stars,1
15,8477021,Alex Kerfoot,Center,Arizona Coyotes,0
15,8477944,Jakub Vrana,Left Wing,St. Louis Blues,3
15,8477947,Sonny Milano,Left Wing,Washington Capitals,3
15,8478495,Denis Gurianov,Right Wing,Nashville Predators,0
15,8479315,Joey Anderson,Right Wing,Chicago Blackhawks,0
15,8479362,Riley Tufte,Left Wing,Colorado Avalanche,3
15,8479533,Joona Koppanen,Left Wing,Pittsburgh Penguins,0
15,8479639,Dylan Coghlan,Defenseman,Carolina Hurricanes,0
15,8480032,Shane Bowers,Center,New Jersey Devils,0
15,8480845,Rasmus Kupari,Center,Winnipeg Jets,0
15,8480862,Jared McIsaac,Defenseman,Detroit Red Wings,0
15,8481618,Alex Newhook,Center,Montréal Canadiens,0
15,8482061,Brandon Biro,Left Wing,Buffalo Sabres,2
15,8482113,Anton Lundell,Center,Florida Panthers,2
16,8470794,Joe Pavelski,Center,Dallas Stars,2
16,8475722,Jason Zucker,Left Wing,Arizona Coyotes,0
16,8476389,Vincent Trocheck,Center,New York Rangers,0
16,8476458,Ryan Strome,Center,Anaheim Ducks,2
16,8476867,Brendan Gaunce,Center,Columbus Blue Jackets,1
16,8477450,Jason Dickinson,Center,Chicago Blackhawks,0
16,8477493,Aleksander Barkov,Center,Florida Panthers,0
16,8477507,Nikita Zadorov,Defenseman,Calgary Flames,1
16,8478483,Mitchell Marner,Right Wing,Toronto Maple Leafs,1
16,8479328,Julien Gauthier,Right Wing,New York Islanders,1
16,8481604,Pavel Dorofeyev,Left Wing,Vegas Golden Knights,0
17,8471218,Blake Wheeler,Right Wing,New York Rangers,1
17,8473422,Nick Foligno,Left Wing,Chicago Blackhawks,0
17,8473473,Milan Lucic,Left Wing,Boston Bruins,1
17,8473986,Alex Killorn,Center,Anaheim Ducks,0
17,8474709,Matt Martin,Left Wing,New York Islanders,0
17,8475220,Marcus Foligno,Left Wing,Minnesota Wild,0
17,8475760,Nick Bjugstad,Center,Arizona Coyotes,0
17,8475768,Jaden Schwartz,Center,Seattle Kraken,0
17,8475810,Bryan Rust,Right Wing,Pittsburgh Penguins,0
17,8476392,Adam Lowry,Center,Winnipeg Jets,0
17,8476779,Brad Hunt,Defenseman,Colorado Avalanche,0
17,8476981,Josh Anderson,Right Wing,Montréal Canadiens,3
17,8477018,Ben Hutton,Defenseman,Vegas Golden Knights,1
17,8478440,Dylan Strome,Center,Washington Capitals,1
17,8478542,Evan Rodrigues,Center,Florida Panthers,0
17,8479322,Wade Allison,Right Wing,Philadelphia Flyers,1
17,8479370,Tyson Jost,Center,Buffalo Sabres,0
17,8479425,Filip Hronek,Defenseman,Vancouver Canucks,0
17,8479772,Zack MacEwen,Center,Ottawa Senators,0
17,8479941,Justin Danforth,Right Wing,Columbus Blue Jackets,2
17,8481068,Yegor Sharangovich,Center,Calgary Flames,1
17,8482133,Thomas Bordeleau,Center,San Jose Sharks,1
18,8471686,Marc Staal,Defenseman,Philadelphia Flyers,0
18,8475786,Zach Hyman,Left Wing,Edmonton Oilers,1
18,8476292,Ondrej Palat,Left Wing,New Jersey Devils,1
18,8477341,Andreas Johnsson,Left Wing,Pittsburgh Penguins,0
18,8477429,Andrew Copp,Center,Detroit Red Wings,0
18,8478115,Pierre Engvall,Left Wing,New York Islanders,1
18,8478401,Pavel Zacha,Center,Boston Bruins,0
18,8478904,Steven Lorentz,Center,Florida Panthers,1
18,8479351,Sam Steel,Center,Dallas Stars,1
18,8480023,Robert Thomas,Center,St. Louis Blues,1
18,8480835,Jack Drury,Center,Carolina Hurricanes,0
18,8482116,Tim Stützle,Left Wing,Ottawa Senators,3
19,8473563,Nicklas Backstrom,Center,Washington Capitals,1
19,8475191,Reilly Smith,Right Wing,Pittsburgh Penguins,0
19,8475714,Calle Jarnkrok,Center,Toronto Maple Leafs,0
19,8477903,Garnet Hathaway,Right Wing,Philadelphia Flyers,0
19,8477955,Jared McCann,Left Wing,Seattle Kraken,0
19,8478873,Troy Terry,Right Wing,Anaheim Ducks,1
19,8478967,Lane Pederson,Center,Edmonton Oilers,1
19,8479314,Matthew Tkachuk,Left Wing,Florida Panthers,0
19,8480208,Drake Batherson,Right Wing,Ottawa Senators,1
19,8480853,Liam Foudy,Center,Columbus Blue Jackets,0
19,8481019,David Gustafsson,Center,Winnipeg Jets,3
19,8481522,Peyton Krebs,Center,Buffalo Sabres,1
19,8481556,John Beecher,Center,Boston Bruins,1
2,8474090,Brendan Smith,Defenseman,New Jersey Devils,0
2,8474568,Luke Schenn,Defenseman,Nashville Predators,0
2,8475825,Jani Hakanpää,Defenseman,Dallas Stars,0
2,8476331,Dylan DeMelo,Defenseman,Winnipeg Jets,0
2,8476874,Olli Maatta,Defenseman,Detroit Red Wings,0
2,8477244,Chad Ruhwedel,Defenseman,Pittsburgh Penguins,0
2,8479369,Andrew Peeke,Defenseman,Columbus Blue Jackets,0
2,8480071,Robin Salo,Defenseman,New York Islanders,0
2,8480727,Zach Whitecloud,Defenseman,Vegas Golden Knights,0
2,8480803,Evan Bouchard,Defenseman,Edmonton Oilers,0
2,8480884,Calen Addison,Defenseman,Minnesota Wild,0
2,8481122,Simon Benoit,Defenseman,Toronto Maple Leafs,0
2,8482245,Artem Zub,Defenseman,Ottawa Senators,0
20,8470600,Ryan Suter,Defenseman,Dallas Stars,0
20,8474034,Pat Maroon,Left Wing,Minnesota Wild,0
20,8474189,Lars Eller,Center,Pittsburgh Penguins,0
20,8475184,Chris Kreider,Left Wing,New York Rangers,1
20,8476399,Blake Coleman,Center,Calgary Flames,0
20,8476438,Brandon Saad,Left Wing,St. Louis Blues,0
20,8476905,Chandler Stephenson,Center,Vegas Golden Knights,0
20,8477392,Hudson Fasching,Right Wing,New York Islanders,0
20,8477426,Nicholas Paul,Left Wing,Tampa Bay Lightning,1
20,8478211,Dryden Hunt,Left Wing,Calgary Flames,2
20,8478427,Sebastian Aho,Center,Carolina Hurricanes,0
20,8479415,Michael McLeod,Center,New Jersey Devils,2
20,8479525,Ross Colton,Center,Colorado Avalanche,0
20,8480009,Eeli Tolvanen,Right Wing,Seattle Kraken,3
20,8480188,Fabian Zetterlund,Left Wing,San Jose Sharks,0
20,8480384,Alexander True,Center,Florida Panthers,0
20,8481517,Brett Leason,Right Wing,Anaheim Ducks,3
20,8481607,Albert Johansson,Defenseman,Detroit Red Wings,0
20,8483515,Juraj Slafkovsky,Left Wing,Montréal Canadiens,1
21,8473449,Kyle Okposo,Right Wing,Buffalo Sabres,0
21,8474037,James van Riemsdyk,Left Wing,Boston Bruins,1
21,8475151,Kyle Palmieri,Center,New York Islanders,0
21,8476393,Nick Cousins,Center,Florida Panthers,1
21,8476624,Barclay Goodrow,Center,New York Rangers,1
21,8476872,Scott Laughton,Center,Philadelphia Flyers,0
21,8477505,Alex Wennberg,Center,Seattle Kraken,0
21,8478010,Brayden Point,Center,Tampa Bay Lightning,0
21,8478472,Mathieu Joseph,Right Wing,Ottawa Senators,2
21,8478512,Austin Czarnik,Center,Detroit Red Wings,1
21,8479291,Kevin Rooney,Center,Calgary Flames,0
21,8479353,Brett Howden,Center,Vegas Golden Knights,1
21,8479520,Brandon Duhaime,Right Wing,Minnesota Wild,0
21,8480027,Jason Robertson,Left Wing,Dallas Stars,3
21,8481535,Nils Hoglander,Left Wing,Vancouver Canucks,0
21,8481656,Aliaksei Protas,Center,Washington Capitals,1
21,8482087,Kaiden Guhle,Defenseman,Montréal Canadiens,1
21,8482623,Josh Dunne,Center,Columbus Blue Jackets,0
22,8473453,Trevor Lewis,Center,Los Angeles Kings,0
22,8474610,Zac Dalpe,Center,Florida Panthers,0
22,8475197,Tyson Barrie,Defenseman,Nashville Predators,0
22,8476931,Jake McCabe,Defenseman,Toronto Maple Leafs,0
22,8477380,Jonny Brodzinski,Center,New York Rangers,0
22,8477416,Oliver Bjorkstrand,Right Wing,Seattle Kraken,0
22,8477488,Brett Pesce,Defenseman,Carolina Hurricanes,0
22,8477846,Ryan Carpenter,Center,San Jose Sharks,0
22,8477942,Kevin Fiala,Left Wing,Los Angeles Kings,1
22,8478020,Michael Amadio,Right Wing,Vegas Golden Knights,0
22,8478891,Mason Appleton,Center,Winnipeg Jets,0
22,8479402,Jake Bean,Defenseman,Columbus Blue Jackets,0
22,8479458,Nikita Zaitsev,Defenseman,Chicago Blackhawks,0
22,8479644,Matt Luff,Right Wing,Detroit Red Wings,0
22,8480855,Jack McBain,Center,Arizona Coyotes,0
22,8481540,Cole Caufield,Right Wing,Montréal Canadiens,1
22,8481592,Jakob Pelletier,Left Wing,Calgary Flames,0
22,8482097,Jack Quinn,Right Wing,Buffalo Sabres,0
22,8482145,Mavrik Bourque,Center,Dallas Stars,0
23,8474166,Alec Martinez,Defenseman,Vegas Golden Knights,0
23,8474612,Travis Hamonic,Defenseman,Ottawa Senators,0
23,8475958,Michael Sgarbossa,Center,Washington Capitals,0
23,8476474,Stefan Noesen,Right Wing,Carolina Hurricanes,1
23,8476902,Esa Lindell,Defenseman,Dallas Stars,0
23,8477409,Carter Verhaeghe,Center,Florida Panthers,0
23,8478067,Oskar Lindblom,Left Wing,San Jose Sharks,0
23,8479323,Adam Fox,Defenseman,New York Rangers,1
23,8479591,Michael Eyssimont,Center,Tampa Bay Lightning,0
23,8480021,Jack Studnicka,Center,Vancouver Canucks,0
23,8480798,Philipp Kurashev,Center,Chicago Blackhawks,1
23,8480807,Mattias Samuelsson,Defenseman,Buffalo Sabres,0
23,8481161,Jake Christiansen,Defenseman,Columbus Blue Jackets,0
23,8482078,Lucas Raymond,Left Wing,Detroit Red Wings,0
23,8482079,Marco Rossi,Center,Minnesota Wild,0
23,8482720,Matthew Knies,Left Wing,Toronto Maple Leafs,2
23,8482745,Mason McTavish,Center,Anaheim Ducks,0
24,8474089,Brad Malone,Center,Edmonton Oilers,1
24,8474567,Zach Bogosian,Defenseman,Tampa Bay Lightning,0
24,8476372,Nick Seeler,Defenseman,Philadelphia Flyers,0
24,8476429,Scott Mayfield,Defenseman,New York Islanders,0
24,8476467,Jamie Oleksiak,Defenseman,Seattle Kraken,0
24,8476479,Phillip Danault,Center,Los Angeles Kings,0
24,8476856,Matt Dumba,Defenseman,Arizona Coyotes,0
24,8478449,Roope Hintz,Center,Dallas Stars,0
24,8479671,Mathieu Olivier,Right Wing,Columbus Blue Jackets,0
24,8480011,Klim Kostin,Center,Detroit Red Wings,0
24,8480216,Jacob Peterson,Center,San Jose Sharks,0
24,8480459,Pius Suter,Center,Vancouver Canucks,0
24,8481528,Dylan Cozens,Center,Buffalo Sabres,0
24,8481554,Kaapo Kakko,Right Wing,New York Rangers,2
24,8481580,Connor McMichael,Center,Washington Capitals,1
24,8481587,Antti Tuomisto,Defenseman,Detroit Red Wings,1
24,8482088,Justin Sourdif,Right Wing,Florida Panthers,1
24,8482093,Seth Jarvis,Center,Carolina Hurricanes,0
25,8475795,Dylan McIlrath,Defenseman,Washington Capitals,0
25,8475797,Jarred Tinordi,Defenseman,Chicago Blackhawks,0
25,8476463,Jonas Brodin,Defenseman,Minnesota Wild,1
25,8477498,Darnell Nurse,Defenseman,Edmonton Oilers,0
25,8478443,Brandon Carlo,Defenseman,Boston Bruins,0
25,8479385,Jordan Kyrou,Center,St. Louis Blues,1
25,8479982,Conor Timmins,Defenseman,Toronto Maple Leafs,2
25,8480068,Ryan Poehling,Center,Philadelphia Flyers,2
25,8480222,Sebastian Aho,Defenseman,New York Islanders,0
25,8481186,Logan O'Connor,Right Wing,Colorado Avalanche,0
25,8481433,Taro Hirose,Left Wing,Detroit Red Wings,0
25,8481518,Nolan Foote,Left Wing,New Jersey Devils,0
25,8481712,Matej Blumel,Right Wing,Dallas Stars,2
25,8482671,Owen Power,Defenseman,Buffalo Sabres,1
25,8482713,Mackie Samoskevich,Right Wing,Florida Panthers,3
26,8473507,Jeff Petry,Defenseman,Detroit Red Wings,0
26,8475343,Nic Dowd,Center,Washington Capitals,0
26,8476918,Jimmy Vesey,Left Wing,New York Rangers,0
26,8476934,Brock McGinn,Left Wing,Anaheim Ducks,1
26,8477573,Nathan Walker,Left Wing,St. Louis Blues,0
26,8480073,Erik Brannstrom,Defenseman,Ottawa Senators,0
26,8480192,Johnathan Kovacevic,Defenseman,Montréal Canadiens,1
26,8480336,Sean Walker,Defenseman,Philadelphia Flyers,0
26,8480789,Oliver Wahlstrom,Right Wing,New York Islanders,0
26,8480839,Rasmus Dahlin,Defenseman,Buffalo Sabres,0
26,8480980,Connor Dewar,Center,Minnesota Wild,1
26,8481577,Philip Tomasino,Center,Nashville Predators,1
26,8484304,Uvis Balinskis,Defenseman,Florida Panthers,0
27,8474151,Ryan McDonagh,Defenseman,Nashville Predators,0
27,8475314,Anders Lee,Left Wing,New York Islanders,2
27,8476854,Hampus Lindholm,Defenseman,Boston Bruins,0
27,8476967,Brett Kulak,Defenseman,Edmonton Oilers,0
27,8477435,Ryan Graves,Defenseman,Pittsburgh Penguins,0
27,8477447,Shea Theodore,Defenseman,Vegas Golden Knights,0
27,8477494,Jonathan Drouin,Left Wing,Colorado Avalanche,0
27,8477940,Nikolaj Ehlers,Left Wing,Winnipeg Jets,0
27,8478975,Mason Marchment,Left Wing,Dallas Stars,1
27,8479985,Cale Fleury,Defenseman,Seattle Kraken,1
27,8479992,Michael Rasmussen,Center,Detroit Red Wings,3
27,8480184,Gustav Lindström,Defenseman,Montréal Canadiens,0
27,8480185,Eetu Luostarinen,Center,Florida Panthers,3
27,8480220,Noah Cates,Left Wing,Philadelphia Flyers,1
27,8480448,Parker Kelly,Left Wing,Ottawa Senators,1
27,8480823,Alexander Alexeyev,Defenseman,Washington Capitals,0
27,8480871,Adam Boqvist,Defenseman,Columbus Blue Jackets,0
27,8482117,Lukas Reichel,Left Wing,Chicago Blackhawks,0
28,8473512,Claude Giroux,Right Wing,Ottawa Senators,1
28,8475461,Andrew Agozzino,Left Wing,Anaheim Ducks,2
28,8475755,Alexander Petrovic,Defenseman,Dallas Stars,0
28,8475762,Derek Forbort,Defenseman,Boston Bruins,0
28,8476878,Zemgus Girgensons,Left Wing,Buffalo Sabres,1
28,8476907,Mackenzie MacEachern,Left Wing,St. Louis Blues,0
28,8477015,Connor Brown,Right Wing,Edmonton Oilers,2
28,8477425,Miles Wood,Left Wing,Colorado Avalanche,0
28,8477478,William Carrier,Left Wing,Vegas Golden Knights,0
28,8477496,Elias Lindholm,Center,Calgary Flames,2
28,8477962,Brendan Lemieux,Left Wing,Carolina Hurricanes,0
28,8477969,Marcus Pettersson,Defenseman,Pittsburgh Penguins,0
28,8478043,Sam Lafferty,Center,Toronto Maple Leafs,1
28,8479372,Josh Mahura,Defenseman,Florida Panthers,0
28,8479994,Jaret Anderson-Dolan,Center,Los Angeles Kings,0
28,8481014,Alexander Romanov,Defenseman,New York Islanders,0
28,8482703,Colton Dach,Center,Chicago Blackhawks,0
29,8475754,Brock Nelson,Center,New York Islanders,2
29,8477492,Nathan MacKinnon,Center,Colorado Avalanche,0
29,8477934,Leon Draisaitl,Center,Edmonton Oilers,1
29,8478407,Vince Dunn,Defenseman,Seattle Kraken,0
29,8479339,Patrik Laine,Left Wing,Columbus Blue Jackets,3
29,8479346,Dillon Dube,Center,Calgary Flames,2
29,8480849,Barrett Hayton,Center,Arizona Coyotes,2
29,8480995,Pontus Holmberg,Right Wing,Toronto Maple Leafs,0
29,8481575,Lassi Thomson,Defenseman,Anaheim Ducks,0
29,8482148,Hendrix Lapierre,Center,Washington Capitals,1
3,8471677,Jack Johnson,Defenseman,Colorado Avalanche,0
3,8475188,Brayden McNabb,Defenseman,Vegas Golden Knights,0
3,8475324,Nick Jensen,Defenseman,Washington Capitals,0
3,8475718,Justin Holl,Defenseman,Detroit Red Wings,0
3,8475906,John Klingberg,Defenseman,Toronto Maple Leafs,0
3,8476917,Adam Pelech,Defenseman,New York Islanders,0
3,8477384,Josh Brown,Defenseman,Arizona Coyotes,0
3,8478468,Jeremy Lauzon,Defenseman,Nashville Predators,0
3,8478840,Will Borgen,Defenseman,Seattle Kraken,1
3,8478911,Matt Roy,Defenseman,Los Angeles Kings,0
3,8481567,Henry Thrun,Defenseman,San Jose Sharks,2
3,8482641,Matt Kiersted,Defenseman,Florida Panthers,0
32,8477527,Ross Johnston,Left Wing,New York Islanders,0
32,8482802,Carter Mazur,Left Wing,Detroit Red Wings,0
33,8471274,Alex Goligoski,Defenseman,Minnesota Wild,1
33,8475164,Jakob Silfverberg,Right Wing,Anaheim Ducks,0
33,8478042,Viktor Arvidsson,Right Wing,Los Angeles Kings,1
33,8478408,Travis Dermott,Defenseman,Arizona Coyotes,1
33,8480306,Grant Hutton,Defenseman,New York Islanders,0
33,8481564,Ryan Johnson,Defenseman,Buffalo Sabres,0
34,8476858,Phillip Di Giuseppe,Left Wing,Vancouver Canucks,1
34,8476983,Paul LaDue,Defenseman,New York Islanders,0
34,8479318,Auston Matthews,Center,Toronto Maple Leafs,1
34,8481560,Arthur Kaliyev,Right Wing,Los Angeles Kings,0
34,8483490,Pavel Mintyukov,Defenseman,Anaheim Ducks,1
36,8475692,Mats Zuccarello,Right Wing,Minnesota Wild,0
36,8478432,Christian Fischer,Right Wing,Detroit Red Wings,0
36,8479526,Otto Koivula,Left Wing,New York Islanders,0
36,8480289,Morgan Barron,Center,Winnipeg Jets,1
36,8482062,Cole Smith,Left Wing,Nashville Predators,0
36,8482126,Emil Andrae,Defenseman,Philadelphia Flyers,0
36,8484392,Felix Unger Sorum,Right Wing,Carolina Hurricanes,0
37,8476826,Yanni Gourde,Center,Seattle Kraken,0
37,8477456,J.T. Compher,Left Wing,Detroit Red Wings,1
37,8477998,Warren Foegele,Left Wing,Edmonton Oilers,0
37,8479999,Casey Mittelstadt,Center,Buffalo Sabres,0
37,8480043,Timothy Liljegren,Defenseman,Toronto Maple Leafs,0
37,8480805,Tyler Madden,Center,Los Angeles Kings,1
37,8480830,Andrei Svechnikov,Right Wing,Carolina Hurricanes,0
37,8480840,Oskar Back,Center,Dallas Stars,0
37,8481016,Ruslan Iskhakov,Center,New York Islanders,0
37,8483045,Cameron Butler,Right Wing,Columbus Blue Jackets,0
37,8484153,Leo Carlsson,Center,Anaheim Ducks,0
38,8476432,Boone Jenner,Center,Columbus Blue Jackets,1
38,8477070,Liam O'Brien,Center,Arizona Coyotes,0
38,8477451,Ryan Hartman,Right Wing,Minnesota Wild,0
38,8477887,Patrick Brown,Center,Boston Bruins,0
38,8479348,Kale Clague,Defenseman,Buffalo Sabres,0
38,8479542,Brandon Hagel,Left Wing,Tampa Bay Lightning,1
38,8479983,Mario Ferraro,Defenseman,San Jose Sharks,0
38,8480242,Arnaud Durandeau,Left Wing,New York Islanders,1
38,8480873,Rasmus Sandin,Defenseman,Washington Capitals,1
38,8482080,Noel Gunler,Right Wing,Carolina Hurricanes,1
38,8482861,Vincent Iorio,Defenseman,Washington Capitals,0
39,8474053,Logan Couture,Center,San Jose Sharks,0
39,8475842,Sam Carrick,Center,Anaheim Ducks,2
39,8477511,Anthony Mantha,Right Wing,Washington Capitals,0
39,8478224,Luke Philp,Center,Chicago Blackhawks,0
39,8479364,Tim Gettinger,Left Wing,Detroit Red Wings,0
39,8479987,Morgan Geekie,Center,Boston Bruins,1
39,8480834,Ty Emberson,Defenseman,San Jose Sharks,0
39,8481532,Alex Turcotte,Center,Los Angeles Kings,0
39,8481666,Reece Newkirk,Center,New York Islanders,0
39,8482051,Jerad Rosburg,Defenseman,Dallas Stars,0
39,8482679,Matt Coronato,Right Wing,Calgary Flames,4
39,8482858,Ryker Evans,Defenseman,Seattle Kraken,0
39,8483489,Fraser Minten,Center,Toronto Maple Leafs,1
39,8484325,Waltteri Merela,Center,Tampa Bay Lightning,2
4,8474602,Justin Schultz,Defenseman,Seattle Kraken,0
4,8475181,Nick Leddy,Defenseman,St. Louis Blues,0
4,8475750,Jon Merrill,Defenseman,Minnesota Wild,0
4,8475764,Cam Fowler,Defenseman,Anaheim Ducks,0
4,8477335,Kyle Burroughs,Defenseman,San Jose Sharks,1
4,8477495,Seth Jones,Defenseman,Chicago Blackhawks,0
4,8478397,Rasmus Andersson,Defenseman,Calgary Flames,0
4,8479522,Hardy Haman Aktell,Defenseman,Washington Capitals,0
4,8479578,Casey Fitzgerald,Defenseman,Florida Panthers,0
4,8479976,Juuso Valimaki,Defenseman,Arizona Coyotes,0
4,8480036,Miro Heiskanen,Defenseman,Dallas Stars,0
4,8480145,Neal Pionk,Defenseman,Winnipeg Jets,1
4,8481524,Bowen Byram,Defenseman,Colorado Avalanche,0
4,8481541,Samuel Bolduc,Defenseman,New York Islanders,0
4,8482073,Braden Schneider,Defenseman,New York Rangers,0
4,8482705,Cole Sillinger,Center,Columbus Blue Jackets,1
40,8476469,Joel Armia,Right Wing,Montréal Canadiens,0
40,8480012,Elias Pettersson,Center,Vancouver Canucks,1
40,8483799,Kyle McDonald,Right Wing,Dallas Stars,1
41,8474145,Robert Bortuzzo,Defenseman,St. Louis Blues,0
41,8476906,Shayne Gostisbehere,Defenseman,Detroit Red Wings,0
41,8477930,Pierre-Edouard Bellemare,Left Wing,Seattle Kraken,0
41,8482192,Isaak Phillips,Defenseman,Chicago Blackhawks,0
41,8484125,Hunter McKown,Center,Columbus Blue Jackets,0
42,8476312,Josh Manson,Defenseman,Colorado Avalanche,0
42,8477508,Curtis Lazar,Center,New Jersey Devils,1
42,8477953,Kasperi Kapanen,Right Wing,St. Louis Blues,0
42,8478028,Fredrik Olofsson,Left Wing,Colorado Avalanche,1
42,8478055,Gustav Forsling,Defenseman,Florida Panthers,0
42,8480074,Alexandre Texier,Center,Columbus Blue Jackets,1
42,8480796,Martin Fehervary,Defenseman,Washington Capitals,0
42,8484146,Tristan Bertucci,Defenseman,Dallas Stars,0
43,8475160,Kyle Clifford,Left Wing,Toronto Maple Leafs,1
43,8476278,Colin Blackwell,Center,Chicago Blackhawks,0
43,8476880,Tom Wilson,Right Wing,Washington Capitals,2
43,8478178,Darren Raddysh,Defenseman,Tampa Bay Lightning,0
43,8480157,Calle Rosen,Defenseman,St. Louis Blues,0
43,8480800,Quinn Hughes,Defenseman,Vancouver Canucks,3
43,8481032,Paul Cotter,Center,Vegas Golden Knights,0
43,8482684,Luke Hughes,Defenseman,New Jersey Devils,1
43,8483609,Adam Klapka,Right Wing,Calgary Flames,0
43,8484263,Aidan Fulp,Defenseman,New York Islanders,0
44,8471709,Marc-Edouard Vlasic,Defenseman,San Jose Sharks,1
44,8475177,Calvin de Haan,Defenseman,Tampa Bay Lightning,0
44,8475235,Nicolas Deslauriers,Left Wing,Philadelphia Flyers,1
44,8475790,Erik Gudbranson,Defenseman,Columbus Blue Jackets,0
44,8476419,Jean-Gabriel Pageau,Center,New York Islanders,1
44,8476853,Morgan Rielly,Defenseman,Toronto Maple Leafs,0
44,8477034,Jaycob Megna,Defenseman,Seattle Kraken,0
44,8477504,Josh Morrissey,Defenseman,Winnipeg Jets,0
44,8477810,Joel Hanley,Defenseman,Dallas Stars,0
44,8479998,Mikey Anderson,Defenseman,Los Angeles Kings,0
44,8480748,Kiefer Sherwood,Left Wing,Nashville Predators,0
44,8482176,Wyatt Kaiser,Defenseman,Chicago Blackhawks,0
45,8478851,Alexandre Carrier,Defenseman,Nashville Predators,0
45,8479547,Matthew Phillips,Right Wing,Washington Capitals,2
45,8480990,Declan Chisholm,Defenseman,Winnipeg Jets,0
45,8483560,Griffin Mendel,Defenseman,Carolina Hurricanes,0
45,8484172,Brad Gardiner,Center,Dallas Stars,0
45,8484262,Travis Mitchell,Defenseman,New York Islanders,0
46,8474716,Jared Spurgeon,Defenseman,Minnesota Wild,0
46,8479321,Lucas Johansen,Defenseman,Washington Capitals,0
46,8480901,Karson Kuhlman,Center,New York Islanders,1
46,8480950,Ilya Lyubushkin,Defenseman,Anaheim Ducks,0
46,8481481,Blake Lizotte,Center,Los Angeles Kings,1
46,8481553,Bobby Brink,Right Wing,Philadelphia Flyers,2
46,8482785,Justin Robidas,Center,Carolina Hurricanes,0
46,8484468,Angus MacDonell,Center,Dallas Stars,0
47,8476792,Torey Krug,Defenseman,St. Louis Blues,0
47,8477446,Michael McCarron,Right Wing,Nashville Predators,0
47,8478454,Noah Juulsen,Defenseman,Vancouver Canucks,0
47,8479359,Beck Malenstyn,Left Wing,Washington Capitals,1
47,8481732,Andre Lee,Left Wing,Los Angeles Kings,0
47,8482860,Aleksi Heimosalmi,Defenseman,Carolina Hurricanes,0
47,8483620,Marcus Bjork,Defenseman,Columbus Blue Jackets,1
48,8476881,Tomas Hertl,Center,San Jose Sharks,2
48,8476891,Matt Grzelcyk,Defenseman,Boston Bruins,0
48,8476921,Jordan Martinook,Left Wing,Carolina Hurricanes,0
48,8478502,Dennis Gilbert,Defenseman,Calgary Flames,0
48,8479320,Max Lajoie,Defenseman,Toronto Maple Leafs,0
48,8480028,Morgan Frost,Center,Philadelphia Flyers,1
48,8480246,Nick Perbix,Defenseman,Tampa Bay Lightning,0
48,8481013,Jonatan Berggren,Right Wing,Detroit Red Wings,1
48,8481059,Scott Perunovich,Defenseman,St. Louis Blues,0
48,8483062,Matthew Maggio,Right Wing,New York Islanders,0
48,8484124,Chase Wheatcroft,Center,Dallas Stars,0
48,8484287,Cole McWard,Defenseman,Vancouver Canucks,0
49,8477964,Ivan Barbashev,Center,Vegas Golden Knights,1
49,8478078,Rourke Chartier,Center,Ottawa Senators,0
49,8479368,Max Jones,Left Wing,Anaheim Ducks,1
49,8479398,Samuel Girard,Defenseman,Colorado Avalanche,0
49,8481093,Rafael Harvey-Pinard,Left Wing,Montréal Canadiens,0
5,8475455,Brenden Dillon,Defenseman,Winnipeg Jets,0
5,8476473,Connor Murphy,Defenseman,Chicago Blackhawks,1
5,8476879,Cody Ceci,Defenseman,Edmonton Oilers,0
5,8476988,Matt Benning,Defenseman,San Jose Sharks,0
5,8477359,Tucker Poolman,Defenseman,Vancouver Canucks,0
5,8477433,Ben Harpur,Defenseman,New York Rangers,0
5,8477971,Andreas Englund,Defenseman,Los Angeles Kings,0
5,8478136,Jake Middleton,Defenseman,Minnesota Wild,0
5,8478854,Ryan Shea,Defenseman,Pittsburgh Penguins,0
5,8478970,Jalen Chatfield,Defenseman,Carolina Hurricanes,0
5,8480001,Urho Vaakanainen,Defenseman,Anaheim Ducks,0
5,8480878,Nils Lundkvist,Defenseman,Dallas Stars,1
5,8481178,Egor Zamula,Defenseman,Philadelphia Flyers,0
5,8483485,Denton Mateychuk,Defenseman,Columbus Blue Jackets,0
5,8483495,Simon Nemec,Defenseman,New Jersey Devils,1
50,8480434,Sean Durzi,Defenseman,Arizona Coyotes,0
50,8480762,Eric Robinson,Left Wing,Columbus Blue Jackets,0
50,8480870,Benoit-Olivier Groulx,Center,Anaheim Ducks,1
50,8481679,Maxence Guenette,Defenseman,Ottawa Senators,0
50,8482157,Will Cuylle,Left Wing,New York Rangers,2
51,8477314,Brian Pinho,Center,New York Islanders,1
51,8479442,Troy Stecher,Defenseman,Arizona Coyotes,0
51,8480160,Radim Simek,Defenseman,San Jose Sharks,0
51,8482163,Eemil Viro,Defenseman,Detroit Red Wings,0
51,8482476,Emil Heineman,Left Wing,Montréal Canadiens,0
51,8482516,Matthew Kessel,Defenseman,St. Louis Blues,0
51,8482803,Olen Zellweger,Defenseman,Anaheim Ducks,1
51,8483505,Matthew Poitras,Center,Boston Bruins,3
51,8483524,Shane Wright,Center,Seattle Kraken,0
52,8477346,MacKenzie Weegar,Defenseman,Calgary Flames,0
52,8478017,Mark Friedman,Defenseman,Pittsburgh Penguins,0
52,8480205,Emil Bemstrom,Right Wing,Columbus Blue Jackets,3
52,8481147,Reese Johnson,Center,Chicago Blackhawks,0
52,8481237,Kyle MacLean,Center,New York Islanders,0
52,8481479,Brogan Rafferty,Defenseman,Detroit Red Wings,0
52,8481789,Tye Kartye,Left Wing,Seattle Kraken,1
52,8482111,Justin Barron,Defenseman,Montréal Canadiens,0
52,8482162,Roby Jarventie,Left Wing,Ottawa Senators,3
52,8482479,Trevor Kuntar,Center,Boston Bruins,0
52,8482784,Zach Dean,Center,St. Louis Blues,0
53,8475231,Casey Cizikas,Center,New York Islanders,0
53,8475784,Jeff Skinner,Left Wing,Buffalo Sabres,3
53,8476927,Teddy Blueger,Center,Vancouver Canucks,0
53,8479619,Michael Carcone,Left Wing,Arizona Coyotes,1
53,8481206,John Ludvig,Defenseman,Florida Panthers,0
53,8481542,Moritz Seider,Defenseman,Detroit Red Wings,2
53,8481606,Jordan Spence,Defenseman,Los Angeles Kings,0
53,8482740,Wyatt Johnston,Center,Dallas Stars,0
53,8483573,Ethen Frank,Center,Washington Capitals,0
53,8484158,Easton Cowan,Right Wing,Toronto Maple Leafs,1
54,8479379,Givani Smith,Right Wing,San Jose Sharks,0
54,8480049,Dylan Samberg,Defenseman,Winnipeg Jets,0
54,8480887,Jordan Harris,Defenseman,Montréal Canadiens,0
54,8482072,Jack Ahcan,Defenseman,Colorado Avalanche,0
55,8470966,Mark Giordano,Defenseman,Toronto Maple Leafs,0
55,8476460,Mark Scheifele,Center,Winnipeg Jets,0
55,8476892,Colton Parayko,Defenseman,St. Louis Blues,0
55,8477499,Rasmus Ristolainen,Defenseman,Philadelphia Flyers,0
55,8478396,Noah Hanifin,Defenseman,Calgary Flames,1
55,8478434,Keegan Kolesar,Right Wing,Vegas Golden Knights,0
55,8478465,Guillaume Brisebois,Defenseman,Vancouver Canucks,0
55,8478569,Noel Acciari,Center,Pittsburgh Penguins,0
55,8479324,Ryan Lindgren,Defenseman,New York Rangers,0
55,8479543,Michael Pezzetta,Left Wing,Montréal Canadiens,0
55,8481581,Thomas Harley,Defenseman,Dallas Stars,1
55,8482077,Dylan Holloway,Left Wing,Edmonton Oilers,1
55,8482124,Quinton Byfield,Center,Los Angeles Kings,0
55,8482639,Alex Limoges,Center,Washington Capitals,0
55,8483460,David Jiricek,Defenseman,Columbus Blue Jackets,0
55,8483466,Kevin Korchinski,Defenseman,Chicago Blackhawks,0
56,8475287,Erik Haula,Left Wing,New Jersey Devils,2
56,8476979,Erik Gustafsson,Defenseman,New York Rangers,1
56,8477073,Kurtis MacDermid,Defenseman,Colorado Avalanche,1
56,8479977,Kailer Yamamoto,Right Wing,Seattle Kraken,3
56,8481058,Jesse Ylönen,Right Wing,Montréal Canadiens,0
56,8482207,William Dufour,Right Wing,New York Islanders,1
57,8474102,David Perron,Left Wing,Detroit Red Wings,0
57,8474574,Tyler Myers,Defenseman,Vancouver Canucks,0
57,8477845,Trevor van Riemsdyk,Defenseman,Washington Capitals,0
57,8479371,Dante Fabbro,Defenseman,Nashville Predators,0
57,8479580,Dylan Gambrell,Center,Toronto Maple Leafs,0
57,8480084,Nick DeSimone,Defenseman,Calgary Flames,0
57,8482882,Eetu Liukas,Left Wing,New York Islanders,0
58,8471724,Kris Letang,Defenseman,Pittsburgh Penguins,0
58,8475233,David Savard,Defenseman,Montréal Canadiens,0
58,8478047,Michael Bunting,Left Wing,Carolina Hurricanes,2
58,8478430,Oliver Kylington,Defenseman,Calgary Flames,0
58,8480025,MacKenzie Entwistle,Right Wing,Chicago Blackhawks,1
58,8481000,Mathias Laferriere,Right Wing,St. Louis Blues,0
58,8483498,Calle Odelius,Defenseman,New York Islanders,0
59,8474600,Roman Josi,Defenseman,Nashville Predators,0
59,8477404,Jake Guentzel,Left Wing,Pittsburgh Penguins,0
59,8477479,Tyler Bertuzzi,Left Wing,Toronto Maple Leafs,1
59,8481543,Nikita Alexandrov,Center,St. Louis Blues,0
59,8481555,Mattias Norlinder,Defenseman,Montréal Canadiens,1
59,8482475,Yegor Chinakhov,Right Wing,Columbus Blue Jackets,0
59,8483570,Ben Meyers,Center,Colorado Avalanche,0
6,8473446,Erik Johnson,Defenseman,Buffalo Sabres,0
6,8474618,Marco Scandella,Defenseman,St. Louis Blues,0
6,8476422,Mike Reilly,Defenseman,Florida Panthers,0
6,8476441,Joel Edmundson,Defenseman,Washington Capitals,0
6,8476457,Adam Larsson,Defenseman,Seattle Kraken,0
6,8476525,Colin Miller,Defenseman,New Jersey Devils,0
6,8477506,Ryan Pulock,Defenseman,New York Islanders,0
6,8477948,Travis Sanheim,Defenseman,Philadelphia Flyers,0
6,8478444,Brock Boeser,Right Wing,Vancouver Canucks,0
6,8478452,Caleb Jones,Defenseman,Carolina Hurricanes,1
6,8478507,John Marino,Defenseman,New Jersey Devils,2
6,8479345,Jakob Chychrun,Defenseman,Ottawa Senators,2
6,8479416,Ben Gleason,Defenseman,Edmonton Oilers,0
6,8481527,Kaedan Korczak,Defenseman,Vegas Golden Knights,0
6,8481708,Zac Jones,Defenseman,New York Rangers,0
6,8482399,Billy Sweezey,Defenseman,Columbus Blue Jackets,0
6,8482511,Mason Lohrei,Defenseman,Boston Bruins,1
6,8483425,Lian Bichsel,Defenseman,Dallas Stars,0
60,8481605,Jackson LaCombe,Defenseman,Anaheim Ducks,2
61,8475913,Mark Stone,Right Wing,Vegas Golden Knights,0
61,8479388,Riley Stillman,Defenseman,Buffalo Sabres,1
61,8481576,Ryan Suzuki,Center,Carolina Hurricanes,1
61,8481701,Santeri Hatakka,Defenseman,New Jersey Devils,0
62,8475799,Nino Niederreiter,Right Wing,Winnipeg Jets,0
62,8477476,Artturi Lehkonen,Left Wing,Colorado Avalanche,0
62,8478099,Kevin Labanc,Right Wing,San Jose Sharks,0
62,8479546,Oskar Steen,Center,Boston Bruins,1
62,8481534,Raphael Lavoie,Center,Edmonton Oilers,2
62,8482251,Wyatt Newpower,Defenseman,Detroit Red Wings,0
62,8482919,Justin Ertel,Left Wing,Dallas Stars,0
63,8473419,Brad Marchand,Left Wing,Boston Bruins,0
63,8474149,Evgenii Dadonov,Right Wing,Dallas Stars,2
63,8479407,Jesper Bratt,Left Wing,New Jersey Devils,5
63,8480008,Adam Ruzicka,Center,Calgary Flames,1
63,8481711,Matias Maccelli,Left Wing,Arizona Coyotes,1
63,8482089,Jake Neighbours,Left Wing,St. Louis Blues,0
63,8482241,Radim Zohorna,Left Wing,Pittsburgh Penguins,1
63,8483491,Ivan Miroshnichenko,Left Wing,Washington Capitals,0
64,8475798,Mikael Granlund,Center,San Jose Sharks,0
64,8477353,Tyler Motte,Center,Tampa Bay Lightning,1
64,8479378,Logan Stanley,Defenseman,Winnipeg Jets,0
64,8480144,David Kampf,Center,Toronto Maple Leafs,0
64,8480441,Trey Fix-Wolansky,Right Wing,Columbus Blue Jackets,0
64,8483618,Mitchell Russell,Right Wing,San Jose Sharks,0
65,8474578,Erik Karlsson,Defenseman,Pittsburgh Penguins,0
65,8481624,Ilya Mikheyev,Right Wing,Vancouver Canucks,0
67,8474157,Max Pacioretty,Left Wing,Washington Capitals,0
67,8476483,Rickard Rakell,Right Wing,Pittsburgh Penguins,1
67,8476919,Chris Tierney,Center,New Jersey Devils,0
67,8478415,Jakub Zboril,Defenseman,Boston Bruins,0
67,8478474,Lawson Crouse,Left Wing,Arizona Coyotes,1
67,8479367,William Lockwood,Right Wing,Florida Panthers,1
67,8482744,James Malatesta,Left Wing,Columbus Blue Jackets,0
67,8483482,Tristan Luneau,Defenseman,Anaheim Ducks,0
67,8483677,Samuel Savoie,Left Wing,Chicago Blackhawks,0
68,8474884,Mike Hoffman,Left Wing,San Jose Sharks,0
69,8478029,Chase De Leo,Left Wing,Anaheim Ducks,1
69,8483688,Jordan Dumais,Right Wing,Columbus Blue Jackets,1
7,8474565,Alex Pietrangelo,Defenseman,Vegas Golden Knights,0
7,8474586,Jordan Eberle,Right Wing,Seattle Kraken,0
7,8475179,Dmitry Kulikov,Defenseman,Florida Panthers,2
7,8475200,Dmitry Orlov,Defenseman,Carolina Hurricanes,0
7,8475462,Radko Gudas,Defenseman,Anaheim Ducks,0
7,8476374,Sean Kuraly,Center,Columbus Blue Jackets,0
7,8476462,Dougie Hamilton,Defenseman,New Jersey Devils,0
7,8476480,Vladislav Namestnikov,Center,Winnipeg Jets,0
7,8477369,Carson Soucy,Defenseman,Vancouver Canucks,1
7,8477938,Haydn Fleury,Defenseman,Tampa Bay Lightning,0
7,8478038,Devon Toews,Defenseman,Colorado Avalanche,1
7,8479395,Dennis Cholowski,Defenseman,New York Islanders,0
7,8480801,Brady Tkachuk,Left Wing,Ottawa Senators,2
7,8481477,Nico Sturm,Center,San Jose Sharks,0
7,8481600,Tobias Bjornfot,Defenseman,Los Angeles Kings,0
7,8481743,Marc Del Gaizo,Defenseman,Nashville Predators,0
7,8482122,Brock Faber,Defenseman,Minnesota Wild,0
70,8476871,Tanner Pearson,Left Wing,Montréal Canadiens,0
70,8476897,Oskar Sundqvist,Center,St. Louis Blues,2
70,8480003,Jesper Boqvist,Center,Boston Bruins,0
70,8480252,Cole Guttman,Center,Chicago Blackhawks,0
71,8471215,Evgeni Malkin,Center,Pittsburgh Penguins,0
71,8475752,Tyler Pitlick,Center,New York Rangers,1
71,8475791,Taylor Hall,Left Wing,Chicago Blackhawks,0
71,8475855,Jesper Fast,Right Wing,Carolina Hurricanes,0
71,8476448,William Karlsson,Center,Vegas Golden Knights,1
71,8477946,Dylan Larkin,Center,Detroit Red Wings,3
71,8478109,Victor Olofsson,Left Wing,Buffalo Sabres,0
71,8478133,Jake Evans,Center,Montréal Canadiens,0
71,8478399,Jonas Siegenthaler,Defenseman,New Jersey Devils,0
71,8478519,Anthony Cirelli,Center,Tampa Bay Lightning,2
71,8479536,Axel Jonsson-Fjallby,Left Wing,Winnipeg Jets,0
71,8480802,Ryan McLeod,Center,Edmonton Oilers,0
71,8481812,Nikolai Knyzhov,Defenseman,San Jose Sharks,0
71,8482092,Ridly Greig,Center,Ottawa Senators,1
71,8482159,Tyson Foerster,Right Wing,Philadelphia Flyers,0
71,8482652,Walker Duehr,Right Wing,Calgary Flames,2
72,8475753,Justin Faulk,Defenseman,St. Louis Blues,0
72,8476329,Travis Boyd,Center,Arizona Coyotes,0
72,8478463,Anthony Beauvillier,Left Wing,Vancouver Canucks,0
72,8478469,Thomas Chabot,Defenseman,Ottawa Senators,0
72,8479420,Tage Thompson,Center,Buffalo Sabres,1
72,8480078,Filip Chytil,Center,New York Rangers,0
72,8480292,Carson Meyer,Right Wing,Columbus Blue Jackets,2
72,8481568,Alex Vlasic,Defenseman,Chicago Blackhawks,0
72,8482667,William Eklund,Left Wing,San Jose Sharks,1
72,8482964,Arber Xhekaj,Defenseman,Montréal Canadiens,0
73,8475413,Justin Dowling,Center,New Jersey Devils,0
73,8475726,Tyler Toffoli,Right Wing,New Jersey Devils,1
73,8477839,Conor Sheary,Left Wing,Tampa Bay Lightning,1
73,8479325,Charlie McAvoy,Defenseman,Boston Bruins,0
73,8479576,Vincent Desharnais,Defenseman,Edmonton Oilers,0
73,8480058,Pierre-Olivier Joseph,Defenseman,Pittsburgh Penguins,1
73,8484135,Parker Ford,Center,Winnipeg Jets,1
74,8474590,John Carlson,Defenseman,Washington Capitals,2
74,8476958,Jaccob Slavin,Defenseman,Carolina Hurricanes,0
74,8478498,Jake DeBrusk,Left Wing,Boston Bruins,1
74,8480015,Owen Tippett,Right Wing,Philadelphia Flyers,1
74,8481595,Alex Beaucage,Right Wing,Colorado Avalanche,0
74,8482106,Cross Hanas,Left Wing,Detroit Red Wings,1
74,8482259,Bobby McMann,Center,Toronto Maple Leafs,0
75,8471817,Ryan Reaves,Right Wing,Toronto Maple Leafs,0
75,8477365,Connor Clifton,Defenseman,Buffalo Sabres,0
75,8481006,Tyler Tucker,Defenseman,St. Louis Blues,0
75,8481704,Juuso Parssinen,Center,Nashville Predators,0
76,8476869,Brady Skjei,Defenseman,Carolina Hurricanes,1
76,8480274,Philip Kemp,Defenseman,Edmonton Oilers,0
76,8481028,Martin Pospisil,Center,Calgary Flames,0
76,8482737,Zachary Bolduc,Center,St. Louis Blues,1
77,8470604,Jeff Carter,Center,Pittsburgh Penguins,0
77,8471698,T.J. Oshie,Right Wing,Washington Capitals,0
77,8475167,Victor Hedman,Defenseman,Tampa Bay Lightning,1
77,8477950,Tony DeAngelo,Defenseman,Carolina Hurricanes,1
77,8478366,Frank Vatrano,Right Wing,Anaheim Ducks,0
77,8478476,Kyle Capobianco,Defenseman,Winnipeg Jets,1
77,8478859,Niko Mikkola,Defenseman,Florida Panthers,1
77,8481523,Kirby Dach,Center,Montréal Canadiens,1
77,8482146,Luke Evangelista,Right Wing,Nashville Predators,0
77,8482175,JJ Peterka,Right Wing,Buffalo Sabres,2
77,8482762,Simon Edvinsson,Defenseman,Detroit Red Wings,1
77,8483565,Nick Blankenburg,Defenseman,Columbus Blue Jackets,0
78,8474673,TJ Brodie,Defenseman,Toronto Maple Leafs,0
78,8476923,Damon Severson,Defenseman,Columbus Blue Jackets,0
78,8480196,Jacob Bryson,Defenseman,Buffalo Sabres,0
78,8481041,Mathias Emilio Pettersen,Center,Calgary Flames,0
78,8482155,Alex Laferriere,Right Wing,Los Angeles Kings,3
78,8482747,Brennan Othmann,Left Wing,New York Rangers,2
79,8478104,Sammy Blais,Left Wing,St. Louis Blues,1
79,8480817,K'Andre Miller,Defenseman,New York Rangers,0
79,8481655,Cole Schwindt,Right Wing,Calgary Flames,0
8,8470613,Brent Burns,Defenseman,Carolina Hurricanes,0
8,8471214,Alex Ovechkin,Left Wing,Washington Capitals,0
8,8474162,Jake Muzzin,Defenseman,Toronto Maple Leafs,0
8,8474563,Drew Doughty,Defenseman,Los Angeles Kings,0
8,8475208,Brian Dumoulin,Defenseman,Seattle Kraken,0
8,8475279,Ben Chiarot,Defenseman,Detroit Red Wings,0
8,8475690,Chris Tanev,Defenseman,Calgary Flames,0
8,8476875,Mike Matheson,Defenseman,Montréal Canadiens,0
8,8476885,Jacob Trouba,Defenseman,New York Rangers,0
8,8477951,Nick Schmaltz,Center,Arizona Coyotes,0
8,8477987,Ryan Donato,Center,Chicago Blackhawks,0
8,8478460,Zach Werenski,Defenseman,Columbus Blue Jackets,0
8,8478856,Conor Garland,Right Wing,Vancouver Canucks,1
8,8479996,Cody Glass,Center,Nashville Predators,0
8,8480069,Cale Makar,Defenseman,Colorado Avalanche,0
8,8480865,Noah Dobson,Defenseman,New York Islanders,0
8,8481546,Cam York,Defenseman,Philadelphia Flyers,0
80,8479338,Markus Niemelainen,Defenseman,Edmonton Oilers,0
80,8479400,Pierre-Luc Dubois,Center,Los Angeles Kings,0
81,8476539,Jonathan Marchessault,Right Wing,Vegas Golden Knights,1
81,8477330,Dominik Kubalik,Left Wing,Ottawa Senators,2
81,8478057,Dakota Joshua,Center,Vancouver Canucks,0
81,8478398,Kyle Connor,Left Wing,Winnipeg Jets,1
81,8478416,Erik Cernak,Defenseman,Tampa Bay Lightning,0
81,8481579,Jamieson Rees,Center,Carolina Hurricanes,0
82,8474013,Ian Cole,Defenseman,Vancouver Canucks,0
82,8477851,Jordan Oesterle,Defenseman,Calgary Flames,1
82,8478438,Tommy Novak,Center,Nashville Predators,3
82,8478831,Kevin Stenlund,Center,Florida Panthers,3
82,8480829,Jesperi Kotkaniemi,Center,Carolina Hurricanes,0
82,8480863,Gabriel Fortier,Left Wing,Tampa Bay Lightning,0
82,8482187,Ronan Seeley,Defenseman,Carolina Hurricanes,0
82,8482934,Artem Guryev,Defenseman,San Jose Sharks,0
83,8476442,Matt Nieto,Left Wing,Pittsburgh Penguins,0
83,8481537,Nikita Okhotiuk,Defenseman,San Jose Sharks,0
84,8478882,Vladislav Gavrikov,Defenseman,Los Angeles Kings,0
84,8479661,Tanner Jeannot,Left Wing,Tampa Bay Lightning,1
84,8480172,Jan Rutta,Defenseman,San Jose Sharks,0
84,8481614,Mikko Kokkonen,Defenseman,Toronto Maple Leafs,1
84,8481615,Anttoni Honka,Defenseman,Carolina Hurricanes,0
85,8478021,William Lagesson,Defenseman,Toronto Maple Leafs,1
85,8479341,Cam Dineen,Defenseman,Edmonton Oilers,0
85,8481677,Blake Murray,Center,Carolina Hurricanes,0
85,8481725,Elmer Soderblom,Left Wing,Detroit Red Wings,1
85,8482105,Jake Sanderson,Defenseman,Ottawa Senators,0
86,8476453,Nikita Kucherov,Right Wing,Tampa Bay Lightning,2
86,8476882,Teuvo Teravainen,Left Wing,Carolina Hurricanes,0
86,8478846,Christian Wolanin,Defenseman,Vancouver Canucks,0
86,8480797,Joel Farabee,Left Wing,Philadelphia Flyers,2
86,8480893,Kirill Marchenko,Right Wing,Columbus Blue Jackets,2
86,8481559,Jack Hughes,Center,New Jersey Devils,3
86,8481598,Philip Broberg,Defenseman,Edmonton Oilers,0
87,8471675,Sidney Crosby,Center,Pittsburgh Penguins,0
88,8477220,Nate Schmidt,Defenseman,Winnipeg Jets,0
88,8477939,William Nylander,Right Wing,Toronto Maple Leafs,2
88,8477956,David Pastrnak,Right Wing,Boston Bruins,2
88,8478233,Andrew Mangiapane,Left Wing,Calgary Flames,2
88,8478466,Daniel Sprong,Right Wing,Detroit Red Wings,3
88,8480039,Martin Necas,Center,Carolina Hurricanes,0
88,8480860,Kevin Bahl,Defenseman,New Jersey Devils,0
88,8482496,Nils Aman,Center,Vancouver Canucks,0
89,8474715,Cam Atkinson,Right Wing,Philadelphia Flyers,2
89,8476960,Andreas Athanasiou,Center,Chicago Blackhawks,1
89,8477402,Pavel Buchnevich,Left Wing,St. Louis Blues,1
89,8477919,Frederick Gaudreau,Center,Minnesota Wild,0
89,8477949,Alex Tuch,Right Wing,Buffalo Sabres,0
89,8481562,Domenick Fensore,Defenseman,Carolina Hurricanes,0
89,8481582,Nicholas Robertson,Left Wing,Toronto Maple Leafs,1
9,8476468,J.T. Miller,Center,Vancouver Canucks,0
9,8476887,Filip Forsberg,Left Wing,Nashville Predators,0
9,8477935,Sam Bennett,Center,Florida Panthers,1
9,8477960,Adrian Kempe,Right Wing,Los Angeles Kings,4
9,8478403,Jack Eichel,Center,Vegas Golden Knights,0
9,8478500,Ivan Provorov,Defenseman,Columbus Blue Jackets,0
9,8479343,Clayton Keller,Right Wing,Arizona Coyotes,1
9,8479439,Jacob MacDonald,Defenseman,San Jose Sharks,1
9,8480064,Josh Norris,Center,Ottawa Senators,0
9,8480113,Alex Iafallo,Left Wing,Winnipeg Jets,0
9,8484145,Zach Benson,Left Wing,Buffalo Sabres,3
90,8474870,Tyler Johnson,Center,Chicago Blackhawks,1
90,8475149,Marcus Johansson,Left Wing,Minnesota Wild,0
90,8475158,Ryan O'Reilly,Center,Nashville Predators,0
90,8475193,Tomas Tatar,Left Wing,Colorado Avalanche,0
90,8480813,Joe Veleno,Center,Detroit Red Wings,2
90,8482655,J.J. Moser,Defenseman,Arizona Coyotes,0
91,8474564,Steven Stamkos,Center,Tampa Bay Lightning,1
91,8475166,John Tavares,Center,Toronto Maple Leafs,2
91,8475169,Evander Kane,Left Wing,Edmonton Oilers,1
91,8475171,Oliver Ekman-Larsson,Defenseman,Florida Panthers,0
91,8475172,Nazem Kadri,Center,Calgary Flames,1
91,8475765,Vladimir Tarasenko,Right Wing,Ottawa Senators,1
91,8475794,Tyler Seguin,Center,Dallas Stars,1
91,8477497,Sean Monahan,Center,Montréal Canadiens,1
91,8479336,Carl Grundstrom,Right Wing,Los Angeles Kings,1
91,8481441,Joe Snively,Center,Washington Capitals,0
91,8482110,Dawson Mercer,Center,New Jersey Devils,2
91,8482149,Cole Perfetti,Center,Winnipeg Jets,1
91,8482660,Kent Johnson,Center,Columbus Blue Jackets,0
92,8475744,Evgeny Kuznetsov,Center,Washington Capitals,0
92,8477931,Tomas Nosek,Left Wing,New Jersey Devils,0
92,8482102,Vasily Ponomarev,Center,Carolina Hurricanes,0
92,8482730,Brandt Clarke,Defenseman,Los Angeles Kings,0
92,8483431,Logan Cooley,Center,Arizona Coyotes,1
92,8483464,Marco Kasper,Center,Detroit Red Wings,0
93,8476454,Ryan Nugent-Hopkins,Center,Edmonton Oilers,1
93,8476459,Mika Zibanejad,Center,New York Rangers,0
93,8479337,Alex DeBrincat,Right Wing,Detroit Red Wings,0
93,8482147,Jean-Luc Foudy,Center,Colorado Avalanche,0
93,8483512,Matt Savoie,Center,Buffalo Sabres,0
94,8470621,Corey Perry,Right Wing,Chicago Blackhawks,2
94,8475176,Ryan Ellis,Defenseman,Philadelphia Flyers,0
94,8479066,Ryan Lomberg,Left Wing,Florida Panthers,1
94,8480880,Jakub Lauko,Center,Boston Bruins,0
94,8481167,Brayden Pachal,Defenseman,Vegas Golden Knights,0
94,8482222,Alexander Barabanov,Left Wing,San Jose Sharks,0
95,8475168,Matt Duchene,Center,Dallas Stars,0
95,8477444,Andre Burakovsky,Left Wing,Seattle Kraken,0
96,8477979,Nicolas Aube-Kubel,Right Wing,Washington Capitals,1
96,8478013,Jake Walman,Defenseman,Detroit Red Wings,0
96,8478414,Timo Meier,Right Wing,New Jersey Devils,1
96,8478420,Mikko Rantanen,Right Wing,Colorado Avalanche,0
96,8478458,Jack Roslovic,Center,Columbus Blue Jackets,1
96,8483808,Andrei Kuzmenko,Left Wing,Vancouver Canucks,1
97,8478402,Connor McDavid,Center,Edmonton Oilers,3
97,8478864,Kirill Kaprizov,Left Wing,Minnesota Wild,2
98,8479410,Mikhail Sergachev,Defenseman,Tampa Bay Lightning,0
98,8482470,Ilya Solovyov,Defenseman,Calgary Flames,1
98,8484144,Connor Bedard,Center,Chicago Blackhawks,1
