jerseyNumber,person.id,person.fullName,team_name,goals
10.0,8478421.0,A.J. Greer,Boston Bruins,0
5.0,8477932.0,Aaron Ekblad,Florida Panthers,0
27.0,8480871.0,Adam Boqvist,Columbus Blue Jackets,0
11.0,8484166.0,Adam Fantilli,Columbus Blue Jackets,0
23.0,8479323.0,Adam Fox,New York Rangers,0
50.0,8480874.0,Adam Ginning,Philadelphia Flyers,0
14.0,8474641.0,Adam Henrique,Anaheim Ducks,0
43.0,8483609.0,Adam Klapka,Calgary Flames,0
6.0,8476457.0,Adam Larsson,Seattle Kraken,0
17.0,8476392.0,Adam Lowry,Winnipeg Jets,0
3.0,8476917.0,Adam Pelech,New York Islanders,0
63.0,8480008.0,Adam Ruzicka,Calgary Flames,1
33.0,8478499.0,Adin Hill,Vegas Golden Knights,0
9.0,8477960.0,Adrian Kempe,Los Angeles Kings,3
43.0,8484263.0,Aidan Fulp,New York Islanders,0
40.0,8481033.0,Akira Schmid,New Jersey Devils,0
20.0,8481607.0,Albert Johansson,Detroit Red Wings,0
23.0,8474166.0,Alec Martinez,Vegas Golden Knights,0
75.0,8480831.0,Alec Regula,Boston Bruins,0
16.0,8477493.0,Aleksander Barkov,Florida Panthers,0
47.0,8482860.0,Aleksi Heimosalmi,Carolina Hurricanes,0
30.0,8478848.0,Ales Stezka,Seattle Kraken,0
12.0,8479718.0,Alex Barré-Boulet,Tampa Bay Lightning,1
74.0,8481595.0,Alex Beaucage,Colorado Avalanche,0
93.0,8479337.0,Alex DeBrincat,Detroit Red Wings,0
33.0,8471274.0,Alex Goligoski,Minnesota Wild,1
9.0,8480113.0,Alex Iafallo,Winnipeg Jets,0
15.0,8477021.0,Alex Kerfoot,Arizona Coyotes,0
17.0,8473986.0,Alex Killorn,Anaheim Ducks,0
78.0,8482155.0,Alex Laferriere,Los Angeles Kings,3
55.0,8482639.0,Alex Limoges,Washington Capitals,0
34.0,8479312.0,Alex Lyon,Detroit Red Wings,0
39.0,8477968.0,Alex Nedeljkovic,Pittsburgh Penguins,0
15.0,8481618.0,Alex Newhook,Montréal Canadiens,0
11.0,8479423.0,Alex Nylander,Pittsburgh Penguins,2
8.0,8471214.0,Alex Ovechkin,Washington Capitals,0
7.0,8474565.0,Alex Pietrangelo,Vegas Golden Knights,0
32.0,8471774.0,Alex Stalock,Anaheim Ducks,0
89.0,8477949.0,Alex Tuch,Buffalo Sabres,0
39.0,8481532.0,Alex Turcotte,Los Angeles Kings,0
72.0,8481568.0,Alex Vlasic,Chicago Blackhawks,0
21.0,8477505.0,Alex Wennberg,Seattle Kraken,0
40.0,8480382.0,Alexandar Georgiev,Colorado Avalanche,0
27.0,8480823.0,Alexander Alexeyev,Washington Capitals,0
94.0,8482222.0,Alexander Barabanov,San Jose Sharks,0
10.0,8482125.0,Alexander Holtz,New Jersey Devils,2
28.0,8475755.0,Alexander Petrovic,Dallas Stars,0
28.0,8481014.0,Alexander Romanov,New York Islanders,0
20.0,8480384.0,Alexander True,Florida Panthers,0
45.0,8478851.0,Alexandre Carrier,Nashville Predators,0
42.0,8480074.0,Alexandre Texier,Columbus Blue Jackets,1
13.0,8480281.0,Alexey Toropchenko,St. Louis Blues,1
13.0,8482109.0,Alexis Lafrenière,New York Rangers,0
21.0,8481656.0,Aliaksei Protas,Washington Capitals,0
27.0,8475314.0,Anders Lee,New York Islanders,2
95.0,8477444.0,Andre Burakovsky,Seattle Kraken,0
47.0,8481732.0,Andre Lee,Los Angeles Kings,0
89.0,8476960.0,Andreas Athanasiou,Chicago Blackhawks,1
5.0,8477971.0,Andreas Englund,Los Angeles Kings,0
18.0,8477341.0,Andreas Johnsson,Pittsburgh Penguins,0
96.0,8483808.0,Andrei Kuzmenko,Vancouver Canucks,1
37.0,8480830.0,Andrei Svechnikov,Carolina Hurricanes,0
88.0,8476883.0,Andrei Vasilevskiy,Tampa Bay Lightning,0
28.0,8475461.0,Andrew Agozzino,Anaheim Ducks,2
11.0,8471699.0,Andrew Cogliano,Colorado Avalanche,0
18.0,8477429.0,Andrew Copp,Detroit Red Wings,0
88.0,8478233.0,Andrew Mangiapane,Calgary Flames,2
2.0,8479369.0,Andrew Peeke,Columbus Blue Jackets,0
12.0,8479249.0,Andrew Poturalski,Seattle Kraken,0
46.0,8484468.0,Angus MacDonell,Dallas Stars,0
72.0,8478463.0,Anthony Beauvillier,Vancouver Canucks,0
71.0,8478519.0,Anthony Cirelli,Tampa Bay Lightning,2
10.0,8477407.0,Anthony Duclair,San Jose Sharks,0
39.0,8477511.0,Anthony Mantha,Washington Capitals,0
90.0,8478409.0,Anthony Richard,Boston Bruins,0
41.0,8476932.0,Anthony Stolarz,Florida Panthers,0
31.0,8476341.0,Anton Forsberg,Ottawa Senators,0
15.0,8482113.0,Anton Lundell,Florida Panthers,2
32.0,8477293.0,Antti Raanta,Carolina Hurricanes,0
24.0,8481587.0,Antti Tuomisto,Detroit Red Wings,1
84.0,8481615.0,Anttoni Honka,Carolina Hurricanes,0
11.0,8471685.0,Anze Kopitar,Los Angeles Kings,0
72.0,8482964.0,Arber Xhekaj,Montréal Canadiens,0
38.0,8480242.0,Arnaud Durandeau,New York Islanders,1
82.0,8482934.0,Artem Guryev,San Jose Sharks,0
2.0,8482245.0,Artem Zub,Ottawa Senators,0
10.0,8478550.0,Artemi Panarin,New York Rangers,0
34.0,8481560.0,Arthur Kaliyev,Los Angeles Kings,0
62.0,8477476.0,Artturi Lehkonen,Colorado Avalanche,0
40.0,8482821.0,Arvid Soderblom,Chicago Blackhawks,0
21.0,8478512.0,Austin Czarnik,Detroit Red Wings,1
34.0,8479318.0,Auston Matthews,Toronto Maple Leafs,0
85.0,8482993.0,Avery Hayes,Pittsburgh Penguins,0
71.0,8479536.0,Axel Jonsson-Fjallby,Winnipeg Jets,0
21.0,8476624.0,Barclay Goodrow,New York Rangers,1
29.0,8480849.0,Barrett Hayton,Arizona Coyotes,2
47.0,8479359.0,Beck Malenstyn,Washington Capitals,0
8.0,8475279.0,Ben Chiarot,Detroit Red Wings,0
6.0,8479416.0,Ben Gleason,Edmonton Oilers,0
5.0,8477433.0,Ben Harpur,New York Rangers,0
17.0,8477018.0,Ben Hutton,Vegas Golden Knights,1
59.0,8483570.0,Ben Meyers,Colorado Avalanche,0
50.0,8480870.0,Benoit-Olivier Groulx,Anaheim Ducks,1
6.0,8482399.0,Billy Sweezey,Columbus Blue Jackets,0
20.0,8476399.0,Blake Coleman,Calgary Flames,0
46.0,8481481.0,Blake Lizotte,Los Angeles Kings,0
85.0,8481677.0,Blake Murray,Carolina Hurricanes,0
17.0,8471218.0,Blake Wheeler,New York Rangers,1
14.0,8477500.0,Bo Horvat,New York Islanders,1
46.0,8481553.0,Bobby Brink,Philadelphia Flyers,2
74.0,8482259.0,Bobby McMann,Toronto Maple Leafs,0
14.0,8478147.0,Bokondji Imama,Ottawa Senators,0
38.0,8476432.0,Boone Jenner,Columbus Blue Jackets,1
14.0,8479383.0,Boris Katchouk,Chicago Blackhawks,0
4.0,8481524.0,Bowen Byram,Colorado Avalanche,0
45.0,8484172.0,Brad Gardiner,Dallas Stars,0
17.0,8476779.0,Brad Hunt,Colorado Avalanche,0
24.0,8474089.0,Brad Malone,Edmonton Oilers,1
63.0,8473419.0,Brad Marchand,Boston Bruins,0
4.0,8482073.0,Braden Schneider,New York Rangers,0
76.0,8476869.0,Brady Skjei,Carolina Hurricanes,1
7.0,8480801.0,Brady Tkachuk,Ottawa Senators,2
15.0,8482061.0,Brandon Biro,Buffalo Sabres,2
70.0,8483548.0,Brandon Bussi,Boston Bruins,0
25.0,8478443.0,Brandon Carlo,Boston Bruins,0
21.0,8479520.0,Brandon Duhaime,Minnesota Wild,0
38.0,8479542.0,Brandon Hagel,Tampa Bay Lightning,1
62.0,8477986.0,Brandon Montour,Florida Panthers,0
20.0,8476438.0,Brandon Saad,St. Louis Blues,0
13.0,8479293.0,Brandon Tanev,Seattle Kraken,0
92.0,8482730.0,Brandt Clarke,Los Angeles Kings,0
3.0,8475188.0,Brayden McNabb,Vegas Golden Knights,0
94.0,8481167.0,Brayden Pachal,Vegas Golden Knights,0
21.0,8478010.0,Brayden Point,Tampa Bay Lightning,0
10.0,8475170.0,Brayden Schenn,St. Louis Blues,2
11.0,8475848.0,Brendan Gallagher,Montréal Canadiens,0
16.0,8476867.0,Brendan Gaunce,Columbus Blue Jackets,0
28.0,8477962.0,Brendan Lemieux,Carolina Hurricanes,0
2.0,8474090.0,Brendan Smith,New Jersey Devils,0
5.0,8475455.0,Brenden Dillon,Winnipeg Jets,0
78.0,8482747.0,Brennan Othmann,New York Rangers,2
8.0,8470613.0,Brent Burns,Carolina Hurricanes,0
21.0,8479353.0,Brett Howden,Vegas Golden Knights,1
27.0,8476967.0,Brett Kulak,Edmonton Oilers,0
20.0,8481517.0,Brett Leason,Anaheim Ducks,2
22.0,8477488.0,Brett Pesce,Carolina Hurricanes,0
8.0,8475208.0,Brian Dumoulin,Seattle Kraken,0
51.0,8477314.0,Brian Pinho,New York Islanders,0
6.0,8478444.0,Brock Boeser,Vancouver Canucks,0
7.0,8482122.0,Brock Faber,Minnesota Wild,0
26.0,8476934.0,Brock McGinn,Anaheim Ducks,1
29.0,8475754.0,Brock Nelson,New York Islanders,2
52.0,8481479.0,Brogan Rafferty,Detroit Red Wings,0
17.0,8475810.0,Bryan Rust,Pittsburgh Penguins,0
15.0,8473504.0,Cal Clutterbuck,New York Islanders,1
52.0,8479984.0,Cal Foote,New Jersey Devils,0
40.0,8477361.0,Cal Petersen,Philadelphia Flyers,0
27.0,8479985.0,Cale Fleury,Seattle Kraken,1
8.0,8480069.0,Cale Makar,Colorado Avalanche,0
6.0,8478452.0,Caleb Jones,Carolina Hurricanes,1
2.0,8480884.0,Calen Addison,Minnesota Wild,0
31.0,8482477.0,Calle Clang,Anaheim Ducks,0
19.0,8475714.0,Calle Jarnkrok,Toronto Maple Leafs,0
58.0,8483498.0,Calle Odelius,New York Islanders,0
43.0,8480157.0,Calle Rosen,St. Louis Blues,0
30.0,8475717.0,Calvin Pickard,Edmonton Oilers,0
44.0,8475177.0,Calvin de Haan,Tampa Bay Lightning,0
89.0,8474715.0,Cam Atkinson,Philadelphia Flyers,1
85.0,8479341.0,Cam Dineen,Edmonton Oilers,0
4.0,8475764.0,Cam Fowler,Anaheim Ducks,0
33.0,8475660.0,Cam Talbot,Los Angeles Kings,0
8.0,8481546.0,Cam York,Philadelphia Flyers,0
37.0,8483045.0,Cameron Butler,Columbus Blue Jackets,0
53.0,8478888.0,Cameron Hughes,Seattle Kraken,0
91.0,8479336.0,Carl Grundstrom,Los Angeles Kings,0
72.0,8480292.0,Carson Meyer,Columbus Blue Jackets,2
7.0,8477369.0,Carson Soucy,Vancouver Canucks,0
79.0,8479394.0,Carter Hart,Philadelphia Flyers,0
32.0,8482802.0,Carter Mazur,Detroit Red Wings,0
23.0,8477409.0,Carter Verhaeghe,Florida Panthers,0
53.0,8475231.0,Casey Cizikas,New York Islanders,0
1.0,8479193.0,Casey DeSmith,Vancouver Canucks,0
4.0,8479578.0,Casey Fitzgerald,Florida Panthers,0
37.0,8479999.0,Casey Mittelstadt,Buffalo Sabres,0
30.0,8480051.0,Cayden Primeau,Montréal Canadiens,0
2.0,8477244.0,Chad Ruhwedel,Pittsburgh Penguins,0
20.0,8476905.0,Chandler Stephenson,Vegas Golden Knights,0
13.0,8475745.0,Charlie Coyle,Boston Bruins,0
79.0,8479292.0,Charlie Lindgren,Washington Capitals,0
73.0,8479325.0,Charlie McAvoy,Boston Bruins,0
69.0,8478029.0,Chase De Leo,Anaheim Ducks,1
48.0,8484124.0,Chase Wheatcroft,Dallas Stars,0
60.0,8476904.0,Chris Driedger,Seattle Kraken,0
20.0,8475184.0,Chris Kreider,New York Rangers,1
8.0,8475690.0,Chris Tanev,Calgary Flames,0
67.0,8476919.0,Chris Tierney,New Jersey Devils,0
14.0,8475780.0,Chris Wagner,Colorado Avalanche,0
36.0,8478432.0,Christian Fischer,Detroit Red Wings,0
86.0,8478846.0,Christian Wolanin,Vancouver Canucks,0
28.0,8473512.0,Claude Giroux,Ottawa Senators,1
33.0,8483532.0,Clay Stevenson,Washington Capitals,0
9.0,8479343.0,Clayton Keller,Arizona Coyotes,1
5.0,8476879.0,Cody Ceci,Edmonton Oilers,0
8.0,8479996.0,Cody Glass,Nashville Predators,0
22.0,8481540.0,Cole Caufield,Montréal Canadiens,1
70.0,8480252.0,Cole Guttman,Chicago Blackhawks,0
48.0,8484287.0,Cole McWard,Vancouver Canucks,0
91.0,8482149.0,Cole Perfetti,Winnipeg Jets,1
79.0,8481655.0,Cole Schwindt,Calgary Flames,0
4.0,8482705.0,Cole Sillinger,Columbus Blue Jackets,1
36.0,8482062.0,Cole Smith,Nashville Predators,0
43.0,8476278.0,Colin Blackwell,Chicago Blackhawks,0
6.0,8476525.0,Colin Miller,New Jersey Devils,0
60.0,8480420.0,Collin Delia,Winnipeg Jets,0
28.0,8482703.0,Colton Dach,Chicago Blackhawks,0
55.0,8476892.0,Colton Parayko,St. Louis Blues,0
10.0,8476925.0,Colton Sissons,Nashville Predators,0
45.0,8478841.0,Colton White,Anaheim Ducks,0
98.0,8484144.0,Connor Bedard,Chicago Blackhawks,0
28.0,8477015.0,Connor Brown,Edmonton Oilers,0
36.0,8476941.0,Connor Carrick,Seattle Kraken,0
75.0,8477365.0,Connor Clifton,Buffalo Sabres,0
26.0,8480980.0,Connor Dewar,Minnesota Wild,1
37.0,8476945.0,Connor Hellebuyck,Winnipeg Jets,0
39.0,8478971.0,Connor Ingram,Arizona Coyotes,0
97.0,8478402.0,Connor McDavid,Edmonton Oilers,2
24.0,8481580.0,Connor McMichael,Washington Capitals,1
5.0,8476473.0,Connor Murphy,Chicago Blackhawks,0
47.0,8482074.0,Connor Zary,Calgary Flames,2
8.0,8478856.0,Conor Garland,Vancouver Canucks,1
73.0,8477839.0,Conor Sheary,Tampa Bay Lightning,1
25.0,8479982.0,Conor Timmins,Toronto Maple Leafs,2
94.0,8470621.0,Corey Perry,Chicago Blackhawks,0
74.0,8482678.0,Corson Ceulemans,Columbus Blue Jackets,0
15.0,8475225.0,Craig Smith,Dallas Stars,0
74.0,8482106.0,Cross Hanas,Detroit Red Wings,1
42.0,8477508.0,Curtis Lazar,New Jersey Devils,1
81.0,8478057.0,Dakota Joshua,Vancouver Canucks,0
6.0,8477541.0,Dakota Mermis,Minnesota Wild,0
78.0,8476923.0,Damon Severson,Columbus Blue Jackets,0
44.0,8479252.0,Dan Renouf,Boston Bruins,0
80.0,8478435.0,Dan Vladar,Calgary Flames,0
88.0,8478466.0,Daniel Sprong,Detroit Red Wings,2
40.0,8480193.0,Daniil Tarasov,Columbus Blue Jackets,0
57.0,8479371.0,Dante Fabbro,Nashville Predators,0
35.0,8475311.0,Darcy Kuemper,Washington Capitals,0
25.0,8477498.0,Darnell Nurse,Edmonton Oilers,0
43.0,8478178.0,Darren Raddysh,Tampa Bay Lightning,0
19.0,8481019.0,David Gustafsson,Winnipeg Jets,3
55.0,8483460.0,David Jiricek,Columbus Blue Jackets,0
64.0,8480144.0,David Kampf,Toronto Maple Leafs,0
88.0,8477956.0,David Pastrnak,Boston Bruins,2
57.0,8474102.0,David Perron,Detroit Red Wings,0
31.0,8479496.0,David Rittich,Los Angeles Kings,0
58.0,8475233.0,David Savard,Montréal Canadiens,0
91.0,8482110.0,Dawson Mercer,New Jersey Devils,1
59.0,8483104.0,Daylan Kuefler,New York Islanders,0
45.0,8480990.0,Declan Chisholm,Winnipeg Jets,0
15.0,8478495.0,Denis Gurianov,Nashville Predators,0
7.0,8479395.0,Dennis Cholowski,New York Islanders,0
48.0,8478502.0,Dennis Gilbert,Calgary Flames,0
5.0,8483485.0,Denton Mateychuk,Columbus Blue Jackets,0
28.0,8475762.0,Derek Forbort,Boston Bruins,0
10.0,8478585.0,Derek Ryan,Edmonton Oilers,0
94.0,8476913.0,Devin Shore,Seattle Kraken,0
27.0,8482221.0,Devon Levi,Buffalo Sabres,0
7.0,8478038.0,Devon Toews,Colorado Avalanche,1
29.0,8479346.0,Dillon Dube,Calgary Flames,2
10.0,8481716.0,Dmitri Voronkov,Columbus Blue Jackets,0
7.0,8475179.0,Dmitry Kulikov,Florida Panthers,2
7.0,8475200.0,Dmitry Orlov,Carolina Hurricanes,0
89.0,8481562.0,Domenick Fensore,Carolina Hurricanes,0
81.0,8477330.0,Dominik Kubalik,Ottawa Senators,2
7.0,8476462.0,Dougie Hamilton,New Jersey Devils,0
19.0,8480208.0,Drake Batherson,Ottawa Senators,1
8.0,8474563.0,Drew Doughty,Los Angeles Kings,0
10.0,8482055.0,Drew O'Connor,Pittsburgh Penguins,2
20.0,8478211.0,Dryden Hunt,Calgary Flames,2
32.0,8481692.0,Dustin Wolf,Calgary Flames,0
15.0,8479639.0,Dylan Coghlan,Carolina Hurricanes,0
24.0,8481528.0,Dylan Cozens,Buffalo Sabres,0
2.0,8476331.0,Dylan DeMelo,Winnipeg Jets,0
57.0,8479580.0,Dylan Gambrell,Toronto Maple Leafs,0
33.0,8482193.0,Dylan Garand,New York Rangers,0
11.0,8482699.0,Dylan Guenther,Arizona Coyotes,1
55.0,8482077.0,Dylan Holloway,Edmonton Oilers,1
71.0,8477946.0,Dylan Larkin,Detroit Red Wings,3
25.0,8475795.0,Dylan McIlrath,Washington Capitals,0
54.0,8480049.0,Dylan Samberg,Winnipeg Jets,0
17.0,8478440.0,Dylan Strome,Washington Capitals,1
53.0,8484158.0,Easton Cowan,Toronto Maple Leafs,1
20.0,8480009.0,Eeli Tolvanen,Seattle Kraken,2
51.0,8482163.0,Eemil Viro,Detroit Red Wings,0
57.0,8482882.0,Eetu Liukas,New York Islanders,0
27.0,8480185.0,Eetu Luostarinen,Florida Panthers,2
75.0,8481102.0,Egor Sokolov,Ottawa Senators,0
5.0,8481178.0,Egor Zamula,Philadelphia Flyers,0
28.0,8477496.0,Elias Lindholm,Calgary Flames,2
40.0,8480012.0,Elias Pettersson,Vancouver Canucks,1
85.0,8481725.0,Elmer Soderblom,Detroit Red Wings,1
90.0,8478007.0,Elvis Merzlikins,Columbus Blue Jackets,0
36.0,8482126.0,Emil Andrae,Philadelphia Flyers,0
52.0,8480205.0,Emil Bemstrom,Columbus Blue Jackets,2
51.0,8482476.0,Emil Heineman,Montréal Canadiens,0
31.0,8477480.0,Eric Comrie,Buffalo Sabres,0
50.0,8480762.0,Eric Robinson,Columbus Blue Jackets,0
26.0,8480073.0,Erik Brannstrom,Ottawa Senators,0
81.0,8478416.0,Erik Cernak,Tampa Bay Lightning,0
44.0,8475790.0,Erik Gudbranson,Columbus Blue Jackets,0
56.0,8476979.0,Erik Gustafsson,New York Rangers,1
56.0,8475287.0,Erik Haula,New Jersey Devils,2
6.0,8473446.0,Erik Johnson,Buffalo Sabres,0
50.0,8478902.0,Erik Kallgren,New Jersey Devils,0
65.0,8474578.0,Erik Karlsson,Pittsburgh Penguins,0
23.0,8476902.0,Esa Lindell,Dallas Stars,0
2.0,8480803.0,Evan Bouchard,Edmonton Oilers,0
17.0,8478542.0,Evan Rodrigues,Florida Panthers,0
91.0,8475169.0,Evander Kane,Edmonton Oilers,0
71.0,8471215.0,Evgeni Malkin,Pittsburgh Penguins,0
63.0,8474149.0,Evgenii Dadonov,Dallas Stars,2
92.0,8475744.0,Evgeny Kuznetsov,Washington Capitals,0
20.0,8480188.0,Fabian Zetterlund,San Jose Sharks,0
32.0,8478433.0,Felix Sandstrom,Philadelphia Flyers,0
36.0,8484392.0,Felix Unger Sorum,Carolina Hurricanes,0
72.0,8480078.0,Filip Chytil,New York Rangers,0
9.0,8476887.0,Filip Forsberg,Nashville Predators,0
32.0,8479406.0,Filip Gustavsson,Minnesota Wild,0
17.0,8479425.0,Filip Hronek,Vancouver Canucks,0
77.0,8478366.0,Frank Vatrano,Anaheim Ducks,0
39.0,8483489.0,Fraser Minten,Toronto Maple Leafs,1
89.0,8477919.0,Frederick Gaudreau,Minnesota Wild,0
31.0,8475883.0,Frederik Andersen,Carolina Hurricanes,0
42.0,8478028.0,Fredrik Olofsson,Colorado Avalanche,1
82.0,8480863.0,Gabriel Fortier,Tampa Bay Lightning,0
13.0,8480014.0,Gabriel Vilardi,Winnipeg Jets,0
19.0,8477903.0,Garnet Hathaway,Philadelphia Flyers,0
42.0,8483567.0,Georgii Merkulov,Boston Bruins,0
54.0,8479379.0,Givani Smith,San Jose Sharks,0
42.0,8478446.0,Glenn Gawdin,Anaheim Ducks,0
33.0,8480306.0,Grant Hutton,New York Islanders,0
45.0,8483560.0,Griffin Mendel,Carolina Hurricanes,0
14.0,8480844.0,Grigori Denisenko,Florida Panthers,0
55.0,8478465.0,Guillaume Brisebois,Vancouver Canucks,0
42.0,8478055.0,Gustav Forsling,Florida Panthers,0
27.0,8480184.0,Gustav Lindström,Montréal Canadiens,0
14.0,8474679.0,Gustav Nyquist,Nashville Predators,0
23.0,8477467.0,Gustav Olofsson,Seattle Kraken,0
27.0,8476854.0,Hampus Lindholm,Boston Bruins,0
4.0,8479522.0,Hardy Haman Aktell,Washington Capitals,0
7.0,8477938.0,Haydn Fleury,Tampa Bay Lightning,0
29.0,8482148.0,Hendrix Lapierre,Washington Capitals,0
10.0,8480035.0,Henri Jokiharju,Buffalo Sabres,2
53.0,8481695.0,Henri Nikkanen,Winnipeg Jets,0
3.0,8481567.0,Henry Thrun,San Jose Sharks,2
20.0,8477392.0,Hudson Fasching,New York Islanders,0
41.0,8484125.0,Hunter McKown,Columbus Blue Jackets,0
31.0,8482411.0,Hunter Shepard,Washington Capitals,0
82.0,8474013.0,Ian Cole,Vancouver Canucks,0
14.0,8480070.0,Ian Mitchell,Boston Bruins,0
31.0,8478048.0,Igor Shesterkin,New York Rangers,0
46.0,8480950.0,Ilya Lyubushkin,Anaheim Ducks,0
65.0,8481624.0,Ilya Mikheyev,Vancouver Canucks,0
35.0,8478492.0,Ilya Samsonov,Toronto Maple Leafs,0
98.0,8482470.0,Ilya Solovyov,Calgary Flames,1
30.0,8478009.0,Ilya Sorokin,New York Islanders,0
41.0,8482192.0,Isaak Phillips,Chicago Blackhawks,0
21.0,8480806.0,Isac Lundestrom,Anaheim Ducks,0
49.0,8477964.0,Ivan Barbashev,Vegas Golden Knights,1
63.0,8483491.0,Ivan Miroshnichenko,Washington Capitals,0
9.0,8478500.0,Ivan Provorov,Columbus Blue Jackets,0
90.0,8482655.0,J.J. Moser,Arizona Coyotes,0
37.0,8477456.0,J.T. Compher,Detroit Red Wings,1
9.0,8476468.0,J.T. Miller,Vancouver Canucks,0
77.0,8482175.0,JJ Peterka,Buffalo Sabres,2
74.0,8476958.0,Jaccob Slavin,Carolina Hurricanes,0
54.0,8482072.0,Jack Ahcan,Colorado Avalanche,0
36.0,8475789.0,Jack Campbell,Edmonton Oilers,0
18.0,8480835.0,Jack Drury,Carolina Hurricanes,0
9.0,8478403.0,Jack Eichel,Vegas Golden Knights,0
86.0,8481559.0,Jack Hughes,New Jersey Devils,2
3.0,8471677.0,Jack Johnson,Colorado Avalanche,0
22.0,8480855.0,Jack McBain,Arizona Coyotes,0
22.0,8482097.0,Jack Quinn,Buffalo Sabres,0
96.0,8478458.0,Jack Roslovic,Columbus Blue Jackets,1
23.0,8480021.0,Jack Studnicka,Vancouver Canucks,0
60.0,8481605.0,Jackson LaCombe,Anaheim Ducks,2
24.0,8480879.0,Jacob Bernard-Docker,Ottawa Senators,0
78.0,8480196.0,Jacob Bryson,Buffalo Sabres,0
32.0,8478491.0,Jacob Larsson,Ottawa Senators,0
9.0,8479439.0,Jacob MacDonald,San Jose Sharks,0
25.0,8474593.0,Jacob Markstrom,Calgary Flames,0
24.0,8480216.0,Jacob Peterson,San Jose Sharks,0
8.0,8476885.0,Jacob Trouba,New York Rangers,0
17.0,8475768.0,Jaden Schwartz,Seattle Kraken,0
34.0,8474596.0,Jake Allen,Montréal Canadiens,0
22.0,8479402.0,Jake Bean,Columbus Blue Jackets,0
23.0,8481161.0,Jake Christiansen,Columbus Blue Jackets,0
74.0,8478498.0,Jake DeBrusk,Boston Bruins,1
71.0,8478133.0,Jake Evans,Montréal Canadiens,0
59.0,8477404.0,Jake Guentzel,Pittsburgh Penguins,0
22.0,8476931.0,Jake McCabe,Toronto Maple Leafs,0
5.0,8478136.0,Jake Middleton,Minnesota Wild,0
8.0,8474162.0,Jake Muzzin,Toronto Maple Leafs,0
63.0,8482089.0,Jake Neighbours,St. Louis Blues,0
29.0,8479979.0,Jake Oettinger,Dallas Stars,0
85.0,8482105.0,Jake Sanderson,Ottawa Senators,0
96.0,8478013.0,Jake Walman,Detroit Red Wings,0
6.0,8479345.0,Jakob Chychrun,Ottawa Senators,2
22.0,8481592.0,Jakob Pelletier,Calgary Flames,0
33.0,8475164.0,Jakob Silfverberg,Anaheim Ducks,0
94.0,8480880.0,Jakub Lauko,Boston Bruins,0
1.0,8480819.0,Jakub Skarek,New York Islanders,0
15.0,8477944.0,Jakub Vrana,St. Louis Blues,3
67.0,8478415.0,Jakub Zboril,Boston Bruins,0
5.0,8478970.0,Jalen Chatfield,Carolina Hurricanes,0
67.0,8482744.0,James Malatesta,Columbus Blue Jackets,0
47.0,8473503.0,James Reimer,Detroit Red Wings,0
21.0,8474037.0,James van Riemsdyk,Boston Bruins,1
14.0,8473994.0,Jamie Benn,Dallas Stars,0
24.0,8476467.0,Jamie Oleksiak,Seattle Kraken,0
81.0,8481579.0,Jamieson Rees,Carolina Hurricanes,0
84.0,8480172.0,Jan Rutta,San Jose Sharks,0
2.0,8475825.0,Jani Hakanpää,Dallas Stars,0
12.0,8478424.0,Jansen Harkins,Pittsburgh Penguins,2
19.0,8477955.0,Jared McCann,Seattle Kraken,0
15.0,8480862.0,Jared McIsaac,Detroit Red Wings,0
46.0,8474716.0,Jared Spurgeon,Minnesota Wild,0
28.0,8479994.0,Jaret Anderson-Dolan,Los Angeles Kings,0
25.0,8475797.0,Jarred Tinordi,Chicago Blackhawks,0
16.0,8477450.0,Jason Dickinson,Chicago Blackhawks,0
21.0,8480027.0,Jason Robertson,Dallas Stars,2
16.0,8475722.0,Jason Zucker,Arizona Coyotes,0
30.0,8483530.0,Jaxson Stauber,Chicago Blackhawks,0
44.0,8477034.0,Jaycob Megna,Seattle Kraken,0
20.0,8477126.0,Jayson Megna,Boston Bruins,0
44.0,8476419.0,Jean-Gabriel Pageau,New York Islanders,1
93.0,8482147.0,Jean-Luc Foudy,Colorado Avalanche,0
77.0,8470604.0,Jeff Carter,Pittsburgh Penguins,0
26.0,8473507.0,Jeff Petry,Detroit Red Wings,0
53.0,8475784.0,Jeff Skinner,Buffalo Sabres,3
28.0,8479705.0,Jeffrey Viel,Winnipeg Jets,0
39.0,8482051.0,Jerad Rosburg,Dallas Stars,0
72.0,8482173.0,Jeremie Poirier,Calgary Flames,0
3.0,8478468.0,Jeremy Lauzon,Nashville Predators,0
1.0,8480280.0,Jeremy Swayman,Boston Bruins,0
70.0,8480003.0,Jesper Boqvist,Boston Bruins,0
63.0,8479407.0,Jesper Bratt,New Jersey Devils,4
71.0,8475855.0,Jesper Fast,Carolina Hurricanes,0
30.0,8482661.0,Jesper Wallstedt,Minnesota Wild,0
82.0,8480829.0,Jesperi Kotkaniemi,Carolina Hurricanes,0
56.0,8481058.0,Jesse Ylönen,Montréal Canadiens,0
73.0,8482982.0,Jet Greaves,Columbus Blue Jackets,0
2.0,8481486.0,Jimmy Schuldt,Seattle Kraken,0
26.0,8476918.0,Jimmy Vesey,New York Rangers,0
30.0,8480238.0,Jiri Patera,Vegas Golden Knights,0
13.0,8484314.0,Jiri Smejkal,Ottawa Senators,1
16.0,8470794.0,Joe Pavelski,Dallas Stars,1
91.0,8481441.0,Joe Snively,Washington Capitals,0
90.0,8480813.0,Joe Veleno,Detroit Red Wings,0
40.0,8476469.0,Joel Armia,Montréal Canadiens,0
6.0,8476441.0,Joel Edmundson,Washington Capitals,0
14.0,8478493.0,Joel Eriksson Ek,Minnesota Wild,0
86.0,8480797.0,Joel Farabee,Philadelphia Flyers,2
44.0,8477810.0,Joel Hanley,Dallas Stars,0
30.0,8480981.0,Joel Hofer,St. Louis Blues,0
15.0,8479315.0,Joey Anderson,Chicago Blackhawks,0
35.0,8478916.0,Joey Daccord,Seattle Kraken,0
19.0,8481556.0,John Beecher,Boston Bruins,1
74.0,8474590.0,John Carlson,Washington Capitals,2
36.0,8476434.0,John Gibson,Anaheim Ducks,0
15.0,8477401.0,John Hayden,Seattle Kraken,0
3.0,8475906.0,John Klingberg,Toronto Maple Leafs,0
31.0,8482571.0,John Lethemon,Detroit Red Wings,0
53.0,8481206.0,John Ludvig,Florida Panthers,0
6.0,8478507.0,John Marino,New Jersey Devils,2
91.0,8475166.0,John Tavares,Toronto Maple Leafs,2
26.0,8480192.0,Johnathan Kovacevic,Montréal Canadiens,1
13.0,8476346.0,Johnny Gaudreau,Columbus Blue Jackets,1
4.0,8475750.0,Jon Merrill,Minnesota Wild,0
25.0,8476463.0,Jonas Brodin,Minnesota Wild,1
31.0,8477992.0,Jonas Johansson,Tampa Bay Lightning,0
71.0,8478399.0,Jonas Siegenthaler,New Jersey Devils,0
48.0,8481013.0,Jonatan Berggren,Detroit Red Wings,0
27.0,8477494.0,Jonathan Drouin,Colorado Avalanche,0
10.0,8476456.0,Jonathan Huberdeau,Calgary Flames,2
81.0,8476539.0,Jonathan Marchessault,Vegas Golden Knights,1
32.0,8471734.0,Jonathan Quick,New York Rangers,0
22.0,8477380.0,Jonny Brodzinski,New York Rangers,0
15.0,8479533.0,Joona Koppanen,Pittsburgh Penguins,0
70.0,8476914.0,Joonas Korpisalo,Ottawa Senators,0
50.0,8476412.0,Jordan Binnington,St. Louis Blues,0
69.0,8483688.0,Jordan Dumais,Columbus Blue Jackets,1
7.0,8474586.0,Jordan Eberle,Seattle Kraken,0
12.0,8478413.0,Jordan Greenway,Buffalo Sabres,0
54.0,8480887.0,Jordan Harris,Montréal Canadiens,0
25.0,8479385.0,Jordan Kyrou,St. Louis Blues,1
48.0,8476921.0,Jordan Martinook,Carolina Hurricanes,0
82.0,8477851.0,Jordan Oesterle,Calgary Flames,1
53.0,8481606.0,Jordan Spence,Los Angeles Kings,0
11.0,8473533.0,Jordan Staal,Carolina Hurricanes,0
60.0,8479361.0,Joseph Woll,Toronto Maple Leafs,0
17.0,8476981.0,Josh Anderson,Montréal Canadiens,3
3.0,8477384.0,Josh Brown,Arizona Coyotes,0
21.0,8482623.0,Josh Dunne,Columbus Blue Jackets,0
28.0,8479372.0,Josh Mahura,Florida Panthers,0
42.0,8476312.0,Josh Manson,Colorado Avalanche,0
44.0,8477504.0,Josh Morrissey,Winnipeg Jets,0
9.0,8480064.0,Josh Norris,Ottawa Senators,0
16.0,8476915.0,Jujhar Khaira,Minnesota Wild,2
16.0,8479328.0,Julien Gauthier,New York Islanders,1
20.0,8483515.0,Juraj Slafkovsky,Montréal Canadiens,1
52.0,8482111.0,Justin Barron,Montréal Canadiens,0
17.0,8479941.0,Justin Danforth,Columbus Blue Jackets,2
73.0,8475413.0,Justin Dowling,New Jersey Devils,0
62.0,8482919.0,Justin Ertel,Dallas Stars,0
72.0,8475753.0,Justin Faulk,St. Louis Blues,0
3.0,8475718.0,Justin Holl,Detroit Red Wings,0
46.0,8482785.0,Justin Robidas,Carolina Hurricanes,0
4.0,8474602.0,Justin Schultz,Seattle Kraken,0
24.0,8482088.0,Justin Sourdif,Florida Panthers,0
60.0,8481020.0,Justus Annunen,Colorado Avalanche,0
74.0,8477424.0,Juuse Saros,Nashville Predators,0
75.0,8481704.0,Juuso Parssinen,Nashville Predators,0
4.0,8479976.0,Juuso Valimaki,Arizona Coyotes,0
79.0,8480817.0,K'Andre Miller,New York Rangers,0
36.0,8478039.0,Kaapo Kahkonen,San Jose Sharks,0
24.0,8481554.0,Kaapo Kakko,New York Rangers,1
6.0,8481527.0,Kaedan Korczak,Vegas Golden Knights,0
21.0,8482087.0,Kaiden Guhle,Montréal Canadiens,1
56.0,8479977.0,Kailer Yamamoto,Seattle Kraken,3
38.0,8479348.0,Kale Clague,Buffalo Sabres,0
70.0,8478872.0,Karel Vejmelka,Arizona Coyotes,0
46.0,8480901.0,Karson Kuhlman,New York Islanders,0
42.0,8477953.0,Kasperi Kapanen,St. Louis Blues,0
55.0,8478434.0,Keegan Kolesar,Vegas Golden Knights,0
30.0,8476234.0,Keith Kinkaid,New Jersey Devils,0
50.0,8478965.0,Kenneth Appleby,New York Islanders,0
91.0,8482660.0,Kent Johnson,Columbus Blue Jackets,0
88.0,8480860.0,Kevin Bahl,New Jersey Devils,0
22.0,8477942.0,Kevin Fiala,Los Angeles Kings,0
12.0,8475763.0,Kevin Hayes,St. Louis Blues,0
55.0,8483466.0,Kevin Korchinski,Chicago Blackhawks,0
62.0,8478099.0,Kevin Labanc,San Jose Sharks,0
32.0,8480947.0,Kevin Lankinen,Nashville Predators,0
21.0,8479291.0,Kevin Rooney,Calgary Flames,0
12.0,8474031.0,Kevin Shattenkirk,Boston Bruins,0
82.0,8478831.0,Kevin Stenlund,Florida Panthers,1
82.0,8478831.0,Kevin Stenlund,Florida Panthers,1
44.0,8480748.0,Kiefer Sherwood,Nashville Predators,0
77.0,8481523.0,Kirby Dach,Montréal Canadiens,1
97.0,8478864.0,Kirill Kaprizov,Minnesota Wild,2
86.0,8480893.0,Kirill Marchenko,Columbus Blue Jackets,1
24.0,8480011.0,Klim Kostin,Detroit Red Wings,0
73.0,8479986.0,Kole Lind,Seattle Kraken,0
58.0,8471724.0,Kris Letang,Pittsburgh Penguins,0
56.0,8477073.0,Kurtis MacDermid,Colorado Avalanche,1
4.0,8477335.0,Kyle Burroughs,San Jose Sharks,1
77.0,8478476.0,Kyle Capobianco,Winnipeg Jets,1
43.0,8475160.0,Kyle Clifford,Toronto Maple Leafs,1
81.0,8478398.0,Kyle Connor,Winnipeg Jets,1
52.0,8481237.0,Kyle MacLean,New York Islanders,0
40.0,8483799.0,Kyle McDonald,Dallas Stars,1
21.0,8473449.0,Kyle Okposo,Buffalo Sabres,0
21.0,8475151.0,Kyle Palmieri,New York Islanders,0
19.0,8478967.0,Lane Pederson,Edmonton Oilers,0
20.0,8474189.0,Lars Eller,Pittsburgh Penguins,0
29.0,8481575.0,Lassi Thomson,Anaheim Ducks,0
39.0,8476316.0,Laurent Brossoit,Winnipeg Jets,0
67.0,8478474.0,Lawson Crouse,Arizona Coyotes,1
37.0,8484153.0,Leo Carlsson,Anaheim Ducks,0
29.0,8477934.0,Leon Draisaitl,Edmonton Oilers,0
72.0,8480219.0,Leon Gawanke,San Jose Sharks,0
19.0,8480853.0,Liam Foudy,Columbus Blue Jackets,0
38.0,8477070.0,Liam O'Brien,Arizona Coyotes,0
6.0,8483425.0,Lian Bichsel,Dallas Stars,0
35.0,8476999.0,Linus Ullmark,Boston Bruins,0
92.0,8483431.0,Logan Cooley,Arizona Coyotes,1
92.0,8483431.0,Logan Cooley,Arizona Coyotes,1
39.0,8474053.0,Logan Couture,San Jose Sharks,0
25.0,8481186.0,Logan O'Connor,Colorado Avalanche,0
11.0,8482702.0,Logan Stankoven,Dallas Stars,2
64.0,8479378.0,Logan Stanley,Winnipeg Jets,0
36.0,8480313.0,Logan Thompson,Vegas Golden Knights,0
74.0,8482889.0,Lucas Ciona,Calgary Flames,0
46.0,8479321.0,Lucas Johansen,Washington Capitals,0
23.0,8482078.0,Lucas Raymond,Detroit Red Wings,0
1.0,8480843.0,Lukas Dostal,Anaheim Ducks,0
27.0,8482117.0,Lukas Reichel,Chicago Blackhawks,0
13.0,8481751.0,Lukas Rousek,Buffalo Sabres,0
77.0,8482146.0,Luke Evangelista,Nashville Predators,0
11.0,8476822.0,Luke Glendening,Tampa Bay Lightning,1
61.0,8480869.0,Luke Henman,Seattle Kraken,0
43.0,8482684.0,Luke Hughes,New Jersey Devils,0
11.0,8479316.0,Luke Kunin,San Jose Sharks,0
39.0,8478224.0,Luke Philp,Chicago Blackhawks,0
2.0,8474568.0,Luke Schenn,Nashville Predators,0
58.0,8480025.0,MacKenzie Entwistle,Chicago Blackhawks,1
52.0,8477346.0,MacKenzie Weegar,Calgary Flames,0
29.0,8478406.0,Mackenzie Blackwood,San Jose Sharks,0
28.0,8476907.0,Mackenzie MacEachern,St. Louis Blues,0
25.0,8482713.0,Mackie Samoskevich,Florida Panthers,3
40.0,8481544.0,Mads Sogaard,Ottawa Senators,0
45.0,8476433.0,Magnus Hellberg,Pittsburgh Penguins,0
32.0,8476876.0,Malcolm Subban,St. Louis Blues,0
7.0,8481743.0,Marc Del Gaizo,Nashville Predators,0
26.0,8483397.0,Marc McLaughlin,Boston Bruins,0
18.0,8471686.0,Marc Staal,Philadelphia Flyers,0
29.0,8470594.0,Marc-Andre Fleury,Minnesota Wild,0
44.0,8471709.0,Marc-Edouard Vlasic,San Jose Sharks,1
92.0,8483464.0,Marco Kasper,Detroit Red Wings,0
23.0,8482079.0,Marco Rossi,Minnesota Wild,0
6.0,8474618.0,Marco Scandella,St. Louis Blues,0
47.0,8483620.0,Marcus Bjork,Columbus Blue Jackets,0
17.0,8475220.0,Marcus Foligno,Minnesota Wild,0
90.0,8475149.0,Marcus Johansson,Minnesota Wild,0
28.0,8477969.0,Marcus Pettersson,Pittsburgh Penguins,0
38.0,8479983.0,Mario Ferraro,San Jose Sharks,0
43.0,8480226.0,Marián Studenic,Seattle Kraken,0
52.0,8478017.0,Mark Friedman,Pittsburgh Penguins,0
55.0,8470966.0,Mark Giordano,Toronto Maple Leafs,0
17.0,8476873.0,Mark Jankowski,Nashville Predators,0
12.0,8480355.0,Mark Kastelic,Ottawa Senators,0
55.0,8476460.0,Mark Scheifele,Winnipeg Jets,0
61.0,8475913.0,Mark Stone,Vegas Golden Knights,0
80.0,8479338.0,Markus Niemelainen,Edmonton Oilers,0
42.0,8480796.0,Martin Fehervary,Washington Capitals,0
31.0,8474889.0,Martin Jones,Toronto Maple Leafs,0
88.0,8480039.0,Martin Necas,Carolina Hurricanes,0
76.0,8481028.0,Martin Pospisil,Calgary Flames,0
22.0,8478891.0,Mason Appleton,Winnipeg Jets,0
6.0,8482511.0,Mason Lohrei,Boston Bruins,1
27.0,8478975.0,Mason Marchment,Dallas Stars,1
23.0,8482745.0,Mason McTavish,Anaheim Ducks,0
25.0,8481712.0,Matej Blumel,Dallas Stars,2
13.0,8478445.0,Mathew Barzal,New York Islanders,2
78.0,8481041.0,Mathias Emilio Pettersen,Calgary Flames,0
58.0,8481000.0,Mathias Laferriere,St. Louis Blues,0
21.0,8478472.0,Mathieu Joseph,Ottawa Senators,2
24.0,8479671.0,Mathieu Olivier,Columbus Blue Jackets,0
63.0,8481711.0,Matias Maccelli,Arizona Coyotes,1
36.0,8475692.0,Mats Zuccarello,Minnesota Wild,0
5.0,8476988.0,Matt Benning,San Jose Sharks,0
12.0,8481557.0,Matt Boldy,Minnesota Wild,0
39.0,8482679.0,Matt Coronato,Calgary Flames,4
95.0,8475168.0,Matt Duchene,Dallas Stars,0
24.0,8476856.0,Matt Dumba,Arizona Coyotes,0
48.0,8476891.0,Matt Grzelcyk,Boston Bruins,0
3.0,8482641.0,Matt Kiersted,Florida Panthers,0
22.0,8479644.0,Matt Luff,Detroit Red Wings,0
17.0,8474709.0,Matt Martin,New York Islanders,0
83.0,8476442.0,Matt Nieto,Pittsburgh Penguins,0
3.0,8478911.0,Matt Roy,Los Angeles Kings,0
93.0,8483512.0,Matt Savoie,Buffalo Sabres,0
90.0,8477035.0,Matt Tomkins,Tampa Bay Lightning,0
15.0,8478146.0,Matthew Highmore,Ottawa Senators,0
51.0,8482516.0,Matthew Kessel,St. Louis Blues,0
23.0,8482720.0,Matthew Knies,Toronto Maple Leafs,2
48.0,8483062.0,Matthew Maggio,New York Islanders,0
45.0,8479547.0,Matthew Phillips,Washington Capitals,2
51.0,8483505.0,Matthew Poitras,Boston Bruins,2
19.0,8479314.0,Matthew Tkachuk,Florida Panthers,0
14.0,8475218.0,Mattias Ekholm,Edmonton Oilers,0
13.0,8477406.0,Mattias Janmark,Edmonton Oilers,1
59.0,8481555.0,Mattias Norlinder,Montréal Canadiens,1
23.0,8480807.0,Mattias Samuelsson,Buffalo Sabres,0
10.0,8482665.0,Matty Beniers,Seattle Kraken,1
22.0,8482145.0,Mavrik Bourque,Dallas Stars,0
11.0,8477503.0,Max Domi,Toronto Maple Leafs,2
49.0,8479368.0,Max Jones,Anaheim Ducks,1
48.0,8479320.0,Max Lajoie,Toronto Maple Leafs,0
71.0,8476323.0,Max McCormick,Seattle Kraken,0
67.0,8474157.0,Max Pacioretty,Washington Capitals,0
50.0,8481679.0,Maxence Guenette,Ottawa Senators,0
22.0,8478020.0,Michael Amadio,Vegas Golden Knights,0
58.0,8478047.0,Michael Bunting,Carolina Hurricanes,2
53.0,8479619.0,Michael Carcone,Arizona Coyotes,1
23.0,8479591.0,Michael Eyssimont,Tampa Bay Lightning,0
47.0,8477446.0,Michael McCarron,Nashville Predators,0
20.0,8479415.0,Michael McLeod,New Jersey Devils,2
55.0,8479543.0,Michael Pezzetta,Montréal Canadiens,0
27.0,8479992.0,Michael Rasmussen,Detroit Red Wings,3
23.0,8475958.0,Michael Sgarbossa,Washington Capitals,0
93.0,8476459.0,Mika Zibanejad,New York Rangers,0
11.0,8474150.0,Mikael Backlund,Calgary Flames,2
64.0,8475798.0,Mikael Granlund,San Jose Sharks,0
68.0,8474884.0,Mike Hoffman,San Jose Sharks,0
8.0,8476875.0,Mike Matheson,Montréal Canadiens,0
6.0,8476422.0,Mike Reilly,Florida Panthers,0
44.0,8479998.0,Mikey Anderson,Los Angeles Kings,0
98.0,8479410.0,Mikhail Sergachev,Tampa Bay Lightning,0
84.0,8481614.0,Mikko Kokkonen,Toronto Maple Leafs,1
96.0,8478420.0,Mikko Rantanen,Colorado Avalanche,0
17.0,8473473.0,Milan Lucic,Boston Bruins,1
28.0,8477425.0,Miles Wood,Colorado Avalanche,0
4.0,8480036.0,Miro Heiskanen,Dallas Stars,0
42.0,8480761.0,Mitch Reinke,Seattle Kraken,0
16.0,8478483.0,Mitchell Marner,Toronto Maple Leafs,1
64.0,8483618.0,Mitchell Russell,San Jose Sharks,0
36.0,8480289.0,Morgan Barron,Winnipeg Jets,1
48.0,8480028.0,Morgan Frost,Philadelphia Flyers,1
39.0,8479987.0,Morgan Geekie,Boston Bruins,1
44.0,8476853.0,Morgan Rielly,Toronto Maple Leafs,0
53.0,8481542.0,Moritz Seider,Detroit Red Wings,2
84.0,8479594.0,Nate Clurman,Colorado Avalanche,0
88.0,8477220.0,Nate Schmidt,Winnipeg Jets,0
14.0,8479414.0,Nathan Bastian,New Jersey Devils,0
29.0,8477492.0,Nathan MacKinnon,Colorado Avalanche,0
26.0,8477573.0,Nathan Walker,St. Louis Blues,0
91.0,8475172.0,Nazem Kadri,Calgary Flames,1
4.0,8480145.0,Neal Pionk,Winnipeg Jets,1
26.0,8475343.0,Nic Dowd,Washington Capitals,0
19.0,8477464.0,Nic Petan,Minnesota Wild,0
20.0,8477426.0,Nicholas Paul,Tampa Bay Lightning,1
89.0,8481582.0,Nicholas Robertson,Toronto Maple Leafs,1
17.0,8475760.0,Nick Bjugstad,Arizona Coyotes,0
77.0,8483565.0,Nick Blankenburg,Columbus Blue Jackets,0
12.0,8474009.0,Nick Bonino,New York Rangers,0
21.0,8476393.0,Nick Cousins,Florida Panthers,0
57.0,8480084.0,Nick DeSimone,Calgary Flames,0
17.0,8473422.0,Nick Foligno,Chicago Blackhawks,0
3.0,8475324.0,Nick Jensen,Washington Capitals,0
4.0,8475181.0,Nick Leddy,St. Louis Blues,0
48.0,8480246.0,Nick Perbix,Tampa Bay Lightning,0
8.0,8477951.0,Nick Schmaltz,Arizona Coyotes,0
24.0,8476372.0,Nick Seeler,Philadelphia Flyers,0
14.0,8480018.0,Nick Suzuki,Montréal Canadiens,1
19.0,8473563.0,Nicklas Backstrom,Washington Capitals,1
50.0,8482076.0,Nico Daws,New Jersey Devils,0
13.0,8480002.0,Nico Hischier,New Jersey Devils,0
7.0,8481477.0,Nico Sturm,San Jose Sharks,0
96.0,8477979.0,Nicolas Aube-Kubel,Washington Capitals,1
44.0,8475235.0,Nicolas Deslauriers,Philadelphia Flyers,0
14.0,8479980.0,Nicolas Hague,Vegas Golden Knights,1
10.0,8478462.0,Nicolas Roy,Vegas Golden Knights,0
59.0,8481543.0,Nikita Alexandrov,St. Louis Blues,0
86.0,8476453.0,Nikita Kucherov,Tampa Bay Lightning,1
62.0,8481754.0,Nikita Nesterenko,Anaheim Ducks,0
83.0,8481537.0,Nikita Okhotiuk,San Jose Sharks,0
16.0,8477507.0,Nikita Zadorov,Calgary Flames,0
22.0,8479458.0,Nikita Zaitsev,Chicago Blackhawks,0
77.0,8478859.0,Niko Mikkola,Florida Panthers,1
71.0,8481812.0,Nikolai Knyzhov,San Jose Sharks,0
27.0,8477940.0,Nikolaj Ehlers,Winnipeg Jets,0
88.0,8482496.0,Nils Aman,Vancouver Canucks,0
21.0,8481535.0,Nils Hoglander,Vancouver Canucks,0
5.0,8480878.0,Nils Lundkvist,Dallas Stars,1
62.0,8475799.0,Nino Niederreiter,Winnipeg Jets,0
27.0,8480220.0,Noah Cates,Philadelphia Flyers,0
8.0,8480865.0,Noah Dobson,New York Islanders,0
55.0,8478396.0,Noah Hanifin,Calgary Flames,1
47.0,8478454.0,Noah Juulsen,Vancouver Canucks,0
47.0,8483521.0,Noah Warren,Anaheim Ducks,0
55.0,8478569.0,Noel Acciari,Pittsburgh Penguins,0
38.0,8482080.0,Noel Gunler,Carolina Hurricanes,1
25.0,8481518.0,Nolan Foote,New Jersey Devils,0
51.0,8482803.0,Olen Zellweger,Anaheim Ducks,1
22.0,8477416.0,Oliver Bjorkstrand,Seattle Kraken,0
91.0,8475171.0,Oliver Ekman-Larsson,Florida Panthers,0
58.0,8478430.0,Oliver Kylington,Calgary Flames,0
26.0,8480789.0,Oliver Wahlstrom,New York Islanders,0
2.0,8476874.0,Olli Maatta,Detroit Red Wings,0
18.0,8476292.0,Ondrej Palat,New Jersey Devils,1
37.0,8480840.0,Oskar Back,Dallas Stars,0
23.0,8478067.0,Oskar Lindblom,San Jose Sharks,0
24.0,8482712.0,Oskar Olausson,Colorado Avalanche,2
62.0,8479546.0,Oskar Steen,Boston Bruins,1
70.0,8476897.0,Oskar Sundqvist,St. Louis Blues,2
36.0,8479526.0,Otto Koivula,New York Islanders,0
25.0,8482671.0,Owen Power,Buffalo Sabres,0
74.0,8480015.0,Owen Tippett,Philadelphia Flyers,0
73.0,8484135.0,Parker Ford,Winnipeg Jets,1
27.0,8480448.0,Parker Kelly,Ottawa Senators,1
29.0,8478450.0,Parker Wotherspoon,Boston Bruins,0
20.0,8474034.0,Pat Maroon,Minnesota Wild,0
38.0,8477887.0,Patrick Brown,Boston Bruins,0
29.0,8479339.0,Patrik Laine,Columbus Blue Jackets,2
43.0,8481032.0,Paul Cotter,Vegas Golden Knights,0
34.0,8476983.0,Paul LaDue,New York Islanders,0
89.0,8477402.0,Pavel Buchnevich,St. Louis Blues,1
16.0,8481604.0,Pavel Dorofeyev,Vegas Golden Knights,0
39.0,8480925.0,Pavel Francouz,Colorado Avalanche,0
34.0,8483490.0,Pavel Mintyukov,Anaheim Ducks,1
18.0,8478401.0,Pavel Zacha,Boston Bruins,0
40.0,8483630.0,Pavol Regenda,Anaheim Ducks,0
76.0,8483599.0,Peetro Seppala,Seattle Kraken,0
34.0,8475852.0,Petr Mrazek,Chicago Blackhawks,0
19.0,8481522.0,Peyton Krebs,Buffalo Sabres,1
29.0,8477831.0,Pheonix Copley,Los Angeles Kings,0
86.0,8481598.0,Philip Broberg,Edmonton Oilers,0
76.0,8480274.0,Philip Kemp,Edmonton Oilers,0
26.0,8481577.0,Philip Tomasino,Nashville Predators,1
31.0,8475831.0,Philipp Grubauer,Seattle Kraken,0
23.0,8480798.0,Philipp Kurashev,Chicago Blackhawks,1
24.0,8476479.0,Phillip Danault,Los Angeles Kings,0
34.0,8476858.0,Phillip Di Giuseppe,Vancouver Canucks,1
18.0,8478115.0,Pierre Engvall,New York Islanders,1
41.0,8477930.0,Pierre-Edouard Bellemare,Seattle Kraken,0
80.0,8479400.0,Pierre-Luc Dubois,Los Angeles Kings,0
73.0,8480058.0,Pierre-Olivier Joseph,Pittsburgh Penguins,1
24.0,8480459.0,Pius Suter,Vancouver Canucks,0
29.0,8480995.0,Pontus Holmberg,Toronto Maple Leafs,0
52.0,8481611.0,Pyotr Kochetkov,Carolina Hurricanes,0
43.0,8480800.0,Quinn Hughes,Vancouver Canucks,3
55.0,8482124.0,Quinton Byfield,Los Angeles Kings,0
12.0,8476889.0,Radek Faksa,Dallas Stars,0
51.0,8480160.0,Radim Simek,San Jose Sharks,0
63.0,8482241.0,Radim Zohorna,Pittsburgh Penguins,1
7.0,8475462.0,Radko Gudas,Anaheim Ducks,0
49.0,8481093.0,Rafael Harvey-Pinard,Montréal Canadiens,0
62.0,8481534.0,Raphael Lavoie,Edmonton Oilers,1
4.0,8478397.0,Rasmus Andersson,Calgary Flames,0
26.0,8480839.0,Rasmus Dahlin,Buffalo Sabres,0
15.0,8480845.0,Rasmus Kupari,Winnipeg Jets,0
55.0,8477499.0,Rasmus Ristolainen,Philadelphia Flyers,0
38.0,8480873.0,Rasmus Sandin,Washington Capitals,1
39.0,8481666.0,Reece Newkirk,New York Islanders,0
52.0,8481147.0,Reese Johnson,Chicago Blackhawks,0
19.0,8475191.0,Reilly Smith,Pittsburgh Penguins,0
92.0,8480054.0,Reilly Walsh,Boston Bruins,0
16.0,8479514.0,Rem Pitlick,Pittsburgh Penguins,0
31.0,8482465.0,Remi Poirier,Dallas Stars,0
67.0,8476483.0,Rickard Rakell,Pittsburgh Penguins,1
71.0,8482092.0,Ridly Greig,Ottawa Senators,1
13.0,8480988.0,Riley Damiani,Dallas Stars,0
61.0,8479388.0,Riley Stillman,Buffalo Sabres,1
15.0,8479362.0,Riley Tufte,Colorado Avalanche,3
14.0,8477952.0,Robby Fabbri,Detroit Red Wings,2
41.0,8474145.0,Robert Bortuzzo,St. Louis Blues,0
18.0,8477462.0,Robert Hagg,Anaheim Ducks,1
18.0,8480023.0,Robert Thomas,St. Louis Blues,1
18.0,8480023.0,Robert Thomas,St. Louis Blues,1
2.0,8480071.0,Robin Salo,New York Islanders,0
52.0,8482162.0,Roby Jarventie,Ottawa Senators,3
59.0,8474600.0,Roman Josi,Nashville Predators,0
82.0,8482187.0,Ronan Seeley,Carolina Hurricanes,0
23.0,8481521.0,Ronnie Attard,Philadelphia Flyers,0
24.0,8478449.0,Roope Hintz,Dallas Stars,0
20.0,8479525.0,Ross Colton,Colorado Avalanche,0
32.0,8477527.0,Ross Johnston,New York Islanders,0
49.0,8478078.0,Rourke Chartier,Ottawa Senators,0
37.0,8481016.0,Ruslan Iskhakov,New York Islanders,0
22.0,8477846.0,Ryan Carpenter,San Jose Sharks,0
8.0,8477987.0,Ryan Donato,Chicago Blackhawks,0
94.0,8475176.0,Ryan Ellis,Philadelphia Flyers,0
27.0,8477435.0,Ryan Graves,Pittsburgh Penguins,0
38.0,8477451.0,Ryan Hartman,Minnesota Wild,0
12.0,8475793.0,Ryan Johansen,Colorado Avalanche,1
55.0,8479324.0,Ryan Lindgren,New York Rangers,0
94.0,8479066.0,Ryan Lomberg,Florida Panthers,0
27.0,8474151.0,Ryan McDonagh,Nashville Predators,0
71.0,8480802.0,Ryan McLeod,Edmonton Oilers,0
93.0,8476454.0,Ryan Nugent-Hopkins,Edmonton Oilers,1
90.0,8475158.0,Ryan O'Reilly,Nashville Predators,0
25.0,8480068.0,Ryan Poehling,Philadelphia Flyers,2
6.0,8477506.0,Ryan Pulock,New York Islanders,0
75.0,8471817.0,Ryan Reaves,Toronto Maple Leafs,0
5.0,8478854.0,Ryan Shea,Pittsburgh Penguins,0
16.0,8476458.0,Ryan Strome,Anaheim Ducks,2
20.0,8470600.0,Ryan Suter,Dallas Stars,0
61.0,8481576.0,Ryan Suzuki,Carolina Hurricanes,1
39.0,8482858.0,Ryker Evans,Seattle Kraken,0
9.0,8477935.0,Sam Bennett,Florida Panthers,1
39.0,8475842.0,Sam Carrick,Anaheim Ducks,2
28.0,8478043.0,Sam Lafferty,Toronto Maple Leafs,1
35.0,8478470.0,Sam Montembeault,Montréal Canadiens,0
22.0,8481591.0,Sam Poulin,Pittsburgh Penguins,2
13.0,8477933.0,Sam Reinhart,Florida Panthers,0
18.0,8479351.0,Sam Steel,Dallas Stars,1
79.0,8478104.0,Sammy Blais,St. Louis Blues,1
74.0,8480267.0,Sammy Walker,Minnesota Wild,2
4.0,8481541.0,Samuel Bolduc,New York Islanders,0
33.0,8481035.0,Samuel Ersson,Philadelphia Flyers,0
11.0,8481239.0,Samuel Fagemo,Nashville Predators,2
49.0,8479398.0,Samuel Girard,Colorado Avalanche,0
67.0,8483677.0,Samuel Savoie,Chicago Blackhawks,0
61.0,8481701.0,Santeri Hatakka,New Jersey Devils,0
21.0,8476872.0,Scott Laughton,Philadelphia Flyers,0
24.0,8476429.0,Scott Mayfield,New York Islanders,0
48.0,8481059.0,Scott Perunovich,St. Louis Blues,0
41.0,8475809.0,Scott Wedgewood,Dallas Stars,0
14.0,8476461.0,Sean Couturier,Philadelphia Flyers,0
50.0,8480434.0,Sean Durzi,Arizona Coyotes,0
7.0,8476374.0,Sean Kuraly,Columbus Blue Jackets,0
91.0,8477497.0,Sean Monahan,Montréal Canadiens,1
26.0,8480336.0,Sean Walker,Philadelphia Flyers,0
25.0,8480222.0,Sebastian Aho,New York Islanders,0
20.0,8478427.0,Sebastian Aho,Carolina Hurricanes,0
33.0,8482657.0,Sebastian Cossa,Detroit Red Wings,0
40.0,8473575.0,Semyon Varlamov,New York Islanders,0
72.0,8475683.0,Sergei Bobrovsky,Florida Panthers,0
24.0,8482093.0,Seth Jarvis,Carolina Hurricanes,0
4.0,8477495.0,Seth Jones,Chicago Blackhawks,0
15.0,8480032.0,Shane Bowers,New Jersey Devils,0
51.0,8483524.0,Shane Wright,Seattle Kraken,0
41.0,8476906.0,Shayne Gostisbehere,Detroit Red Wings,0
27.0,8477447.0,Shea Theodore,Vegas Golden Knights,0
87.0,8471675.0,Sidney Crosby,Pittsburgh Penguins,0
2.0,8481122.0,Simon Benoit,Toronto Maple Leafs,0
77.0,8482762.0,Simon Edvinsson,Detroit Red Wings,0
10.0,8481601.0,Simon Holmstrom,New York Islanders,1
5.0,8483495.0,Simon Nemec,New Jersey Devils,1
15.0,8477947.0,Sonny Milano,Washington Capitals,3
30.0,8481519.0,Spencer Knight,Florida Panthers,0
30.0,8477484.0,Spencer Martin,Columbus Blue Jackets,0
81.0,8482711.0,Stanislav Svozil,Columbus Blue Jackets,0
23.0,8476474.0,Stefan Noesen,Carolina Hurricanes,1
18.0,8478904.0,Steven Lorentz,Florida Panthers,1
91.0,8474564.0,Steven Stamkos,Tampa Bay Lightning,0
74.0,8479973.0,Stuart Skinner,Edmonton Oilers,0
77.0,8471698.0,T.J. Oshie,Washington Capitals,0
78.0,8474673.0,TJ Brodie,Toronto Maple Leafs,0
72.0,8479420.0,Tage Thompson,Buffalo Sabres,1
84.0,8479661.0,Tanner Jeannot,Tampa Bay Lightning,1
58.0,8479550.0,Tanner Laczynski,Philadelphia Flyers,0
70.0,8476871.0,Tanner Pearson,Montréal Canadiens,0
25.0,8481433.0,Taro Hirose,Detroit Red Wings,0
71.0,8475791.0,Taylor Hall,Chicago Blackhawks,0
11.0,8479390.0,Taylor Raddysh,Chicago Blackhawks,0
53.0,8476927.0,Teddy Blueger,Vancouver Canucks,0
86.0,8476882.0,Teuvo Teravainen,Carolina Hurricanes,0
35.0,8477967.0,Thatcher Demko,Vancouver Canucks,0
17.0,8482133.0,Thomas Bordeleau,San Jose Sharks,0
72.0,8478469.0,Thomas Chabot,Ottawa Senators,0
55.0,8481581.0,Thomas Harley,Dallas Stars,1
39.0,8479364.0,Tim Gettinger,Detroit Red Wings,0
18.0,8482116.0,Tim Stützle,Ottawa Senators,3
96.0,8478414.0,Timo Meier,New Jersey Devils,1
37.0,8480043.0,Timothy Liljegren,Toronto Maple Leafs,0
7.0,8481600.0,Tobias Bjornfot,Los Angeles Kings,0
43.0,8476880.0,Tom Wilson,Washington Capitals,2
48.0,8476881.0,Tomas Hertl,San Jose Sharks,2
92.0,8477931.0,Tomas Nosek,New Jersey Devils,0
90.0,8475193.0,Tomas Tatar,Colorado Avalanche,0
82.0,8478438.0,Tommy Novak,Nashville Predators,3
77.0,8477950.0,Tony DeAngelo,Carolina Hurricanes,1
47.0,8476792.0,Torey Krug,St. Louis Blues,0
72.0,8476329.0,Travis Boyd,Arizona Coyotes,0
33.0,8478408.0,Travis Dermott,Arizona Coyotes,1
23.0,8474612.0,Travis Hamonic,Ottawa Senators,0
11.0,8478439.0,Travis Konecny,Philadelphia Flyers,1
45.0,8484262.0,Travis Mitchell,New York Islanders,0
6.0,8477948.0,Travis Sanheim,Philadelphia Flyers,0
11.0,8479365.0,Trent Frederic,Boston Bruins,0
50.0,8481529.0,Trent Miner,Colorado Avalanche,0
52.0,8482479.0,Trevor Kuntar,Boston Bruins,0
22.0,8473453.0,Trevor Lewis,Los Angeles Kings,0
12.0,8479675.0,Trevor Moore,Los Angeles Kings,1
11.0,8481533.0,Trevor Zegras,Anaheim Ducks,0
57.0,8477845.0,Trevor van Riemsdyk,Washington Capitals,0
64.0,8480441.0,Trey Fix-Wolansky,Columbus Blue Jackets,0
42.0,8484146.0,Tristan Bertucci,Dallas Stars,0
35.0,8477465.0,Tristan Jarry,Pittsburgh Penguins,0
67.0,8483482.0,Tristan Luneau,Anaheim Ducks,0
51.0,8479442.0,Troy Stecher,Arizona Coyotes,0
19.0,8478873.0,Troy Terry,Anaheim Ducks,1
5.0,8477359.0,Tucker Poolman,Vancouver Canucks,0
10.0,8480848.0,Ty Dellandrea,Dallas Stars,0
39.0,8480834.0,Ty Emberson,San Jose Sharks,0
24.0,8480883.0,Ty Smith,Pittsburgh Penguins,0
12.0,8481740.0,Tyce Thompson,New Jersey Devils,1
52.0,8481789.0,Tye Kartye,Seattle Kraken,1
59.0,8477479.0,Tyler Bertuzzi,Toronto Maple Leafs,0
54.0,8482674.0,Tyler Boucher,Ottawa Senators,0
90.0,8474870.0,Tyler Johnson,Chicago Blackhawks,1
37.0,8480805.0,Tyler Madden,Los Angeles Kings,1
64.0,8477353.0,Tyler Motte,Tampa Bay Lightning,1
57.0,8474574.0,Tyler Myers,Vancouver Canucks,0
71.0,8475752.0,Tyler Pitlick,New York Rangers,1
91.0,8475794.0,Tyler Seguin,Dallas Stars,1
73.0,8475726.0,Tyler Toffoli,New Jersey Devils,1
75.0,8481006.0,Tyler Tucker,St. Louis Blues,0
22.0,8475197.0,Tyson Barrie,Nashville Predators,0
71.0,8482159.0,Tyson Foerster,Philadelphia Flyers,0
17.0,8479370.0,Tyson Jost,Buffalo Sabres,0
1.0,8480045.0,Ukko-Pekka Luukkonen,Buffalo Sabres,0
5.0,8480001.0,Urho Vaakanainen,Anaheim Ducks,0
26.0,8484304.0,Uvis Balinskis,Florida Panthers,0
13.0,8477501.0,Valeri Nichushkin,Colorado Avalanche,0
48.0,8481703.0,Valtteri Puustinen,Pittsburgh Penguins,1
92.0,8482102.0,Vasily Ponomarev,Carolina Hurricanes,0
77.0,8475167.0,Victor Hedman,Tampa Bay Lightning,0
71.0,8478109.0,Victor Olofsson,Buffalo Sabres,0
33.0,8478042.0,Viktor Arvidsson,Los Angeles Kings,1
14.0,8481572.0,Ville Heinola,Winnipeg Jets,1
35.0,8478024.0,Ville Husso,Detroit Red Wings,0
89.0,8483635.0,Ville Petman,Seattle Kraken,0
29.0,8478407.0,Vince Dunn,Seattle Kraken,0
73.0,8479576.0,Vincent Desharnais,Edmonton Oilers,0
38.0,8482861.0,Vincent Iorio,Washington Capitals,0
16.0,8476389.0,Vincent Trocheck,New York Rangers,0
95.0,8479968.0,Vinni Lettieri,Minnesota Wild,1
13.0,8476994.0,Vinnie Hinostroza,Pittsburgh Penguins,0
41.0,8477970.0,Vitek Vanecek,New Jersey Devils,0
91.0,8475765.0,Vladimir Tarasenko,Ottawa Senators,1
84.0,8478882.0,Vladislav Gavrikov,Los Angeles Kings,0
7.0,8476480.0,Vladislav Namestnikov,Winnipeg Jets,0
17.0,8479322.0,Wade Allison,Philadelphia Flyers,1
71.0,8482652.0,Walker Duehr,Calgary Flames,1
39.0,8484325.0,Waltteri Merela,Tampa Bay Lightning,2
37.0,8477998.0,Warren Foegele,Edmonton Oilers,0
3.0,8478840.0,Will Borgen,Seattle Kraken,1
50.0,8482157.0,Will Cuylle,New York Rangers,1
28.0,8477478.0,William Carrier,Vegas Golden Knights,0
56.0,8482207.0,William Dufour,New York Islanders,1
72.0,8482667.0,William Eklund,San Jose Sharks,1
71.0,8476448.0,William Karlsson,Vegas Golden Knights,1
85.0,8478021.0,William Lagesson,Toronto Maple Leafs,1
67.0,8479367.0,William Lockwood,Florida Panthers,1
88.0,8477939.0,William Nylander,Toronto Maple Leafs,0
88.0,8477939.0,William Nylander,Toronto Maple Leafs,0
53.0,8482740.0,Wyatt Johnston,Dallas Stars,0
44.0,8482176.0,Wyatt Kaiser,Chicago Blackhawks,0
62.0,8482251.0,Wyatt Newpower,Detroit Red Wings,0
61.0,8476443.0,Xavier Ouellet,Pittsburgh Penguins,0
13.0,8478508.0,Yakov Trenin,Nashville Predators,0
60.0,8484293.0,Yaniv Perets,Carolina Hurricanes,0
37.0,8476826.0,Yanni Gourde,Seattle Kraken,0
59.0,8482475.0,Yegor Chinakhov,Columbus Blue Jackets,0
17.0,8481068.0,Yegor Sharangovich,Calgary Flames,1
22.0,8474610.0,Zac Dalpe,Florida Panthers,0
6.0,8481708.0,Zac Jones,New York Rangers,0
24.0,8474567.0,Zach Bogosian,Tampa Bay Lightning,0
52.0,8482784.0,Zach Dean,St. Louis Blues,0
18.0,8475786.0,Zach Hyman,Edmonton Oilers,1
8.0,8478460.0,Zach Werenski,Columbus Blue Jackets,0
2.0,8480727.0,Zach Whitecloud,Vegas Golden Knights,0
76.0,8482737.0,Zachary Bolduc,St. Louis Blues,1
17.0,8479772.0,Zack MacEwen,Ottawa Senators,0
28.0,8476878.0,Zemgus Girgensons,Buffalo Sabres,0
,,,,8479339
,,,,8480205
,,,,8476878
,,,,8476346
,,,,8482671
,,,,8484145
,,,,8484166
,,,,8480893
,,,,8476443
,,,,8478466
,,,,8482762
,,,,8479407
,,,,8482684
,,,,8482157
,,,,8482110
,,,,8479323
,,,,8481559
,,,,8480002
,,,,8478402
,,,,8477015
,,,,8477507
,,,,8482652
,,,,8478967
,,,,8477934
,,,,8477015
,,,,8475169
,,,,8481534
,,,,8479249
,,,,8477369
,,,,8480009
,,,,8481554
,,,,8475745
,,,,8483505
,,,,8478421
,,,,8475167
,,,,8478831
,,,,8476453
,,,,8480185
,,,,8474564
,,,,8476393
,,,,8482088
,,,,8479066
,,,,8478831
,,,,8480901
,,,,8475235
,,,,8480220
,,,,8480015
,,,,8478439
,,,,8477314
,,,,8474715
,,,,8479359
,,,,8481656
,,,,8476867
,,,,8480791
,,,,8482148
,,,,8483620
,,,,8481576
,,,,8475158
,,,,8476887
,,,,8480748
,,,,8474679
,,,,8481239
,,,,8473512
,,,,8474573
,,,,8479345
,,,,8475753
,,,,8480023
,,,,8480023
,,,,8482089
,,,,8475220
,,,,8473422
,,,,8475791
,,,,8474034
,,,,8475692
,,,,8479400
,,,,8482222
,,,,8471685
,,,,8474884
,,,,8479675
,,,,8482133
,,,,8477960
,,,,8483431
,,,,8477021
,,,,8483431
,,,,8481711
,,,,8475842
,,,,8475178
,,,,8475793
,,,,8477501
,,,,8477492
,,,,8478462
,,,,8481604
,,,,8476539
,,,,8481032
,,,,8477939
,,,,8484160
,,,,8481013
,,,,8479318
,,,,8477479
,,,,8479942
,,,,8477939
