game_id,season,gameType,awayTeam.id,awayTeam.abbrev,awayTeam.logo,homeTeam.id,homeTeam.abbrev,homeTeam.logo,homeTeam.placeName.default,awayTeam.placeName.default,awayTeam.score,homeTeam.score,winningGoalScorer.playerId,winningGoalie.playerId,gameState,link,game_date_time,start_time,game_date
2024020001,20242025,2,1,NJD,https://assets.nhle.com/logos/nhl/svg/NJD_light.svg,7,BUF,https://assets.nhle.com/logos/nhl/svg/BUF_light.svg,Buffalo,New Jersey,4,1,8480192,8474593,OFF,https://api-web.nhle.com/v1/gamecenter/2024020001/play-by-play,2024-10-04 17:00:00+00:00,5:00 pm,2024-10-04
2024020002,20242025,2,7,BUF,https://assets.nhle.com/logos/nhl/svg/BUF_light.svg,1,NJD,https://assets.nhle.com/logos/nhl/svg/NJD_light.svg,New Jersey,Buffalo,1,3,8481032,8474596,OFF,https://api-web.nhle.com/v1/gamecenter/2024020002/play-by-play,2024-10-05 14:00:00+00:00,2:00 pm,2024-10-05
2024020003,20242025,2,19,STL,https://assets.nhle.com/logos/nhl/svg/STL_light.svg,55,SEA,https://assets.nhle.com/logos/nhl/svg/SEA_light.svg,Seattle,St. Louis,3,2,8479385,8476412,OFF,https://api-web.nhle.com/v1/gamecenter/2024020003/play-by-play,2024-10-08 20:30:00+00:00,8:30 pm,2024-10-08
2024020004,20242025,2,6,BOS,https://assets.nhle.com/logos/nhl/svg/BOS_light.svg,13,FLA,https://assets.nhle.com/logos/nhl/svg/FLA_light.svg,Florida,Boston,4,6,8479981,8475683,OFF,https://api-web.nhle.com/v1/gamecenter/2024020004/play-by-play,2024-10-08 23:00:00+00:00,11:00 pm,2024-10-08
2024020005,20242025,2,16,CHI,https://assets.nhle.com/logos/nhl/svg/CHI_light.svg,59,UTA,https://assets.nhle.com/logos/nhl/svg/UTA_light.svg,Utah,Chicago,2,5,8480849,8478971,OFF,https://api-web.nhle.com/v1/gamecenter/2024020005/play-by-play,2024-10-09 02:00:00+00:00,2:00 am,2024-10-09
2024020006,20242025,2,10,TOR,https://assets.nhle.com/logos/nhl/svg/TOR_light.svg,8,MTL,https://assets.nhle.com/logos/nhl/svg/MTL_light.svg,Montréal,Toronto,0,1,8481540,8478470,OFF,https://api-web.nhle.com/v1/gamecenter/2024020006/play-by-play,2024-10-09 23:00:00+00:00,11:00 pm,2024-10-09
2024020007,20242025,2,3,NYR,https://assets.nhle.com/logos/nhl/svg/NYR_light.svg,5,PIT,https://assets.nhle.com/logos/nhl/svg/PIT_light.svg,Pittsburgh,New York,6,0,8475842,8478048,OFF,https://api-web.nhle.com/v1/gamecenter/2024020007/play-by-play,2024-10-09 23:30:00+00:00,11:30 pm,2024-10-09
2024020008,20242025,2,52,WPG,https://assets.nhle.com/logos/nhl/svg/WPG_light.svg,22,EDM,https://assets.nhle.com/logos/nhl/svg/EDM_light.svg,Edmonton,Winnipeg,6,0,8476392,8476945,OFF,https://api-web.nhle.com/v1/gamecenter/2024020008/play-by-play,2024-10-10 02:00:00+00:00,2:00 am,2024-10-10
2024020009,20242025,2,20,CGY,https://assets.nhle.com/logos/nhl/svg/CGY_light.svg,23,VAN,https://assets.nhle.com/logos/nhl/svg/VAN_light.svg,Vancouver,Calgary,6,5,8482074,8478435,OFF,https://api-web.nhle.com/v1/gamecenter/2024020009/play-by-play,2024-10-10 02:00:00+00:00,2:00 am,2024-10-10
2024020010,20242025,2,21,COL,https://assets.nhle.com/logos/nhl/svg/COL_light.svg,54,VGK,https://assets.nhle.com/logos/nhl/svg/VGK_light.svg,Vegas,Colorado,4,8,8478109,8478499,OFF,https://api-web.nhle.com/v1/gamecenter/2024020010/play-by-play,2024-10-10 02:00:00+00:00,2:00 am,2024-10-10
2024020011,20242025,2,8,MTL,https://assets.nhle.com/logos/nhl/svg/MTL_light.svg,6,BOS,https://assets.nhle.com/logos/nhl/svg/BOS_light.svg,Boston,Montréal,4,6,8481043,8480280,OFF,https://api-web.nhle.com/v1/gamecenter/2024020011/play-by-play,2024-10-10 23:00:00+00:00,11:00 pm,2024-10-10
2024020012,20242025,2,26,LAK,https://assets.nhle.com/logos/nhl/svg/LAK_light.svg,7,BUF,https://assets.nhle.com/logos/nhl/svg/BUF_light.svg,Buffalo,Los Angeles,3,1,8471685,8475311,OFF,https://api-web.nhle.com/v1/gamecenter/2024020012/play-by-play,2024-10-10 23:00:00+00:00,11:00 pm,2024-10-10
2024020013,20242025,2,13,FLA,https://assets.nhle.com/logos/nhl/svg/FLA_light.svg,9,OTT,https://assets.nhle.com/logos/nhl/svg/OTT_light.svg,Ottawa,Florida,1,3,8481596,8476999,OFF,https://api-web.nhle.com/v1/gamecenter/2024020013/play-by-play,2024-10-10 23:00:00+00:00,11:00 pm,2024-10-10
2024020014,20242025,2,5,PIT,https://assets.nhle.com/logos/nhl/svg/PIT_light.svg,17,DET,https://assets.nhle.com/logos/nhl/svg/DET_light.svg,Detroit,Pittsburgh,6,3,8477969,8482446,OFF,https://api-web.nhle.com/v1/gamecenter/2024020014/play-by-play,2024-10-11 00:00:00+00:00,12:00 am,2024-10-11
2024020015,20242025,2,10,TOR,https://assets.nhle.com/logos/nhl/svg/TOR_light.svg,1,NJD,https://assets.nhle.com/logos/nhl/svg/NJD_light.svg,New Jersey,Toronto,4,2,8478904,8483710,OFF,https://api-web.nhle.com/v1/gamecenter/2024020015/play-by-play,2024-10-10 23:00:00+00:00,11:00 pm,2024-10-10
2024020016,20242025,2,59,UTA,https://assets.nhle.com/logos/nhl/svg/UTA_light.svg,2,NYI,https://assets.nhle.com/logos/nhl/svg/NYI_light.svg,New York,Utah,5,4,8482699,8478971,OFF,https://api-web.nhle.com/v1/gamecenter/2024020016/play-by-play,2024-10-10 23:30:00+00:00,11:30 pm,2024-10-10
2024020017,20242025,2,25,DAL,https://assets.nhle.com/logos/nhl/svg/DAL_light.svg,18,NSH,https://assets.nhle.com/logos/nhl/svg/NSH_light.svg,Nashville,Dallas,4,3,8478975,8479979,OFF,https://api-web.nhle.com/v1/gamecenter/2024020017/play-by-play,2024-10-11 00:00:00+00:00,12:00 am,2024-10-11
2024020018,20242025,2,29,CBJ,https://assets.nhle.com/logos/nhl/svg/CBJ_light.svg,30,MIN,https://assets.nhle.com/logos/nhl/svg/MIN_light.svg,Minnesota,Columbus,2,3,8475692,8479406,OFF,https://api-web.nhle.com/v1/gamecenter/2024020018/play-by-play,2024-10-11 00:00:00+00:00,12:00 am,2024-10-11
2024020019,20242025,2,19,STL,https://assets.nhle.com/logos/nhl/svg/STL_light.svg,28,SJS,https://assets.nhle.com/logos/nhl/svg/SJS_light.svg,San Jose,St. Louis,5,4,8475170,8480981,OFF,https://api-web.nhle.com/v1/gamecenter/2024020019/play-by-play,2024-10-11 02:30:00+00:00,2:30 am,2024-10-11
2024020020,20242025,2,14,TBL,https://assets.nhle.com/logos/nhl/svg/TBL_light.svg,12,CAR,https://assets.nhle.com/logos/nhl/svg/CAR_light.svg,Carolina,Tampa Bay,4,1,8476453,8476883,OFF,https://api-web.nhle.com/v1/gamecenter/2024020020/play-by-play,2024-10-11 23:00:00+00:00,11:00 pm,2024-10-11
2024020021,20242025,2,16,CHI,https://assets.nhle.com/logos/nhl/svg/CHI_light.svg,52,WPG,https://assets.nhle.com/logos/nhl/svg/WPG_light.svg,Winnipeg,Chicago,1,2,8476460,8476945,OFF,https://api-web.nhle.com/v1/gamecenter/2024020021/play-by-play,2024-10-12 00:00:00+00:00,12:00 am,2024-10-12
2024020022,20242025,2,4,PHI,https://assets.nhle.com/logos/nhl/svg/PHI_light.svg,23,VAN,https://assets.nhle.com/logos/nhl/svg/VAN_light.svg,Vancouver,Philadelphia,3,2,,8481035,OFF,https://api-web.nhle.com/v1/gamecenter/2024020022/play-by-play,2024-10-12 02:00:00+00:00,2:00 am,2024-10-12
2024020023,20242025,2,19,STL,https://assets.nhle.com/logos/nhl/svg/STL_light.svg,54,VGK,https://assets.nhle.com/logos/nhl/svg/VGK_light.svg,Vegas,St. Louis,3,4,8478462,8478499,OFF,https://api-web.nhle.com/v1/gamecenter/2024020023/play-by-play,2024-10-12 02:00:00+00:00,2:00 am,2024-10-12
2024020024,20242025,2,26,LAK,https://assets.nhle.com/logos/nhl/svg/LAK_light.svg,6,BOS,https://assets.nhle.com/logos/nhl/svg/BOS_light.svg,Boston,Los Angeles,1,2,8477956,8480280,OFF,https://api-web.nhle.com/v1/gamecenter/2024020024/play-by-play,2024-10-12 17:00:00+00:00,5:00 pm,2024-10-12
2024020025,20242025,2,13,FLA,https://assets.nhle.com/logos/nhl/svg/FLA_light.svg,7,BUF,https://assets.nhle.com/logos/nhl/svg/BUF_light.svg,Buffalo,Florida,2,5,8480035,8482221,OFF,https://api-web.nhle.com/v1/gamecenter/2024020025/play-by-play,2024-10-12 23:00:00+00:00,11:00 pm,2024-10-12
2024020026,20242025,2,5,PIT,https://assets.nhle.com/logos/nhl/svg/PIT_light.svg,10,TOR,https://assets.nhle.com/logos/nhl/svg/TOR_light.svg,Toronto,Pittsburgh,2,4,8478483,8476932,OFF,https://api-web.nhle.com/v1/gamecenter/2024020026/play-by-play,2024-10-12 23:00:00+00:00,11:00 pm,2024-10-12
2024020027,20242025,2,9,OTT,https://assets.nhle.com/logos/nhl/svg/OTT_light.svg,8,MTL,https://assets.nhle.com/logos/nhl/svg/MTL_light.svg,Montréal,Ottawa,1,4,8481540,8478470,OFF,https://api-web.nhle.com/v1/gamecenter/2024020027/play-by-play,2024-10-12 23:00:00+00:00,11:00 pm,2024-10-12
2024020028,20242025,2,18,NSH,https://assets.nhle.com/logos/nhl/svg/NSH_light.svg,17,DET,https://assets.nhle.com/logos/nhl/svg/DET_light.svg,Detroit,Nashville,0,3,8477456,8475660,OFF,https://api-web.nhle.com/v1/gamecenter/2024020028/play-by-play,2024-10-12 23:00:00+00:00,11:00 pm,2024-10-12
2024020029,20242025,2,12,CAR,https://assets.nhle.com/logos/nhl/svg/CAR_light.svg,14,TBL,https://assets.nhle.com/logos/nhl/svg/TBL_light.svg,Tampa Bay,Carolina,,,,,FUT,https://api-web.nhle.com/v1/gamecenter/2024020029/play-by-play,2024-10-12 23:00:00+00:00,11:00 pm,2024-10-12
2024020030,20242025,2,59,UTA,https://assets.nhle.com/logos/nhl/svg/UTA_light.svg,3,NYR,https://assets.nhle.com/logos/nhl/svg/NYR_light.svg,New York,Utah,6,5,8479343,8478971,OFF,https://api-web.nhle.com/v1/gamecenter/2024020030/play-by-play,2024-10-12 23:00:00+00:00,11:00 pm,2024-10-12
2024020031,20242025,2,1,NJD,https://assets.nhle.com/logos/nhl/svg/NJD_light.svg,15,WSH,https://assets.nhle.com/logos/nhl/svg/WSH_secondary_light.svg,Washington,New Jersey,5,3,8481032,8474593,OFF,https://api-web.nhle.com/v1/gamecenter/2024020031/play-by-play,2024-10-12 23:00:00+00:00,11:00 pm,2024-10-12
2024020032,20242025,2,2,NYI,https://assets.nhle.com/logos/nhl/svg/NYI_light.svg,25,DAL,https://assets.nhle.com/logos/nhl/svg/DAL_light.svg,Dallas,New York,0,3,8475794,8479979,OFF,https://api-web.nhle.com/v1/gamecenter/2024020032/play-by-play,2024-10-13 00:00:00+00:00,12:00 am,2024-10-13
2024020033,20242025,2,55,SEA,https://assets.nhle.com/logos/nhl/svg/SEA_light.svg,30,MIN,https://assets.nhle.com/logos/nhl/svg/MIN_light.svg,Minnesota,Seattle,5,4,,8478916,OFF,https://api-web.nhle.com/v1/gamecenter/2024020033/play-by-play,2024-10-13 00:00:00+00:00,12:00 am,2024-10-13
2024020034,20242025,2,29,CBJ,https://assets.nhle.com/logos/nhl/svg/CBJ_light.svg,21,COL,https://assets.nhle.com/logos/nhl/svg/COL_light.svg,Colorado,Columbus,6,4,8482475,8480193,OFF,https://api-web.nhle.com/v1/gamecenter/2024020034/play-by-play,2024-10-13 01:00:00+00:00,1:00 am,2024-10-13
2024020035,20242025,2,4,PHI,https://assets.nhle.com/logos/nhl/svg/PHI_light.svg,20,CGY,https://assets.nhle.com/logos/nhl/svg/CGY_light.svg,Calgary,Philadelphia,3,6,8474150,8481692,OFF,https://api-web.nhle.com/v1/gamecenter/2024020035/play-by-play,2024-10-13 02:00:00+00:00,2:00 am,2024-10-13
2024020036,20242025,2,16,CHI,https://assets.nhle.com/logos/nhl/svg/CHI_light.svg,22,EDM,https://assets.nhle.com/logos/nhl/svg/EDM_light.svg,Edmonton,Chicago,5,2,8484144,8475852,OFF,https://api-web.nhle.com/v1/gamecenter/2024020036/play-by-play,2024-10-13 02:00:00+00:00,2:00 am,2024-10-13
2024020037,20242025,2,24,ANA,https://assets.nhle.com/logos/nhl/svg/ANA_light.svg,28,SJS,https://assets.nhle.com/logos/nhl/svg/SJS_light.svg,San Jose,Anaheim,2,0,8480806,8480843,OFF,https://api-web.nhle.com/v1/gamecenter/2024020037/play-by-play,2024-10-13 02:00:00+00:00,2:00 am,2024-10-13
2024020038,20242025,2,30,MIN,https://assets.nhle.com/logos/nhl/svg/MIN_light.svg,52,WPG,https://assets.nhle.com/logos/nhl/svg/WPG_light.svg,Winnipeg,Minnesota,1,2,8478398,8476945,OFF,https://api-web.nhle.com/v1/gamecenter/2024020038/play-by-play,2024-10-13 22:00:00+00:00,10:00 pm,2024-10-13
2024020039,20242025,2,55,SEA,https://assets.nhle.com/logos/nhl/svg/SEA_light.svg,25,DAL,https://assets.nhle.com/logos/nhl/svg/DAL_light.svg,Dallas,Seattle,0,2,8479351,8479193,OFF,https://api-web.nhle.com/v1/gamecenter/2024020039/play-by-play,2024-10-14 00:00:00+00:00,12:00 am,2024-10-14
2024020040,20242025,2,20,CGY,https://assets.nhle.com/logos/nhl/svg/CGY_light.svg,22,EDM,https://assets.nhle.com/logos/nhl/svg/EDM_light.svg,Edmonton,Calgary,4,1,8477511,8478435,OFF,https://api-web.nhle.com/v1/gamecenter/2024020040/play-by-play,2024-10-14 00:00:00+00:00,12:00 am,2024-10-14
2024020041,20242025,2,24,ANA,https://assets.nhle.com/logos/nhl/svg/ANA_light.svg,54,VGK,https://assets.nhle.com/logos/nhl/svg/VGK_light.svg,Vegas,Anaheim,1,3,8476881,8478492,OFF,https://api-web.nhle.com/v1/gamecenter/2024020041/play-by-play,2024-10-14 02:00:00+00:00,2:00 am,2024-10-14
2024020042,20242025,2,13,FLA,https://assets.nhle.com/logos/nhl/svg/FLA_light.svg,6,BOS,https://assets.nhle.com/logos/nhl/svg/BOS_light.svg,Boston,Florida,4,3,8482113,8475683,OFF,https://api-web.nhle.com/v1/gamecenter/2024020042/play-by-play,2024-10-14 17:00:00+00:00,5:00 pm,2024-10-14
2024020043,20242025,2,26,LAK,https://assets.nhle.com/logos/nhl/svg/LAK_light.svg,9,OTT,https://assets.nhle.com/logos/nhl/svg/OTT_light.svg,Ottawa,Los Angeles,7,8,8480064,8481544,OFF,https://api-web.nhle.com/v1/gamecenter/2024020043/play-by-play,2024-10-14 17:00:00+00:00,5:00 pm,2024-10-14
2024020044,20242025,2,59,UTA,https://assets.nhle.com/logos/nhl/svg/UTA_light.svg,1,NJD,https://assets.nhle.com/logos/nhl/svg/NJD_light.svg,New Jersey,Utah,0,3,8483429,8474596,OFF,https://api-web.nhle.com/v1/gamecenter/2024020044/play-by-play,2024-10-14 17:00:00+00:00,5:00 pm,2024-10-14
2024020045,20242025,2,17,DET,https://assets.nhle.com/logos/nhl/svg/DET_light.svg,3,NYR,https://assets.nhle.com/logos/nhl/svg/NYR_light.svg,New York,Detroit,1,4,8475184,8478048,OFF,https://api-web.nhle.com/v1/gamecenter/2024020045/play-by-play,2024-10-14 23:00:00+00:00,11:00 pm,2024-10-14
2024020046,20242025,2,5,PIT,https://assets.nhle.com/logos/nhl/svg/PIT_light.svg,8,MTL,https://assets.nhle.com/logos/nhl/svg/MTL_light.svg,Montréal,Pittsburgh,6,3,8475763,8477465,OFF,https://api-web.nhle.com/v1/gamecenter/2024020046/play-by-play,2024-10-14 23:30:00+00:00,11:30 pm,2024-10-14
2024020047,20242025,2,2,NYI,https://assets.nhle.com/logos/nhl/svg/NYI_light.svg,21,COL,https://assets.nhle.com/logos/nhl/svg/COL_light.svg,Colorado,New York,6,2,8475754,8478009,OFF,https://api-web.nhle.com/v1/gamecenter/2024020047/play-by-play,2024-10-15 01:00:00+00:00,1:00 am,2024-10-15
2024020048,20242025,2,23,VAN,https://assets.nhle.com/logos/nhl/svg/VAN_light.svg,14,TBL,https://assets.nhle.com/logos/nhl/svg/TBL_light.svg,Tampa Bay,Vancouver,1,4,8478010,8476883,OFF,https://api-web.nhle.com/v1/gamecenter/2024020048/play-by-play,2024-10-15 23:00:00+00:00,11:00 pm,2024-10-15
2024020049,20242025,2,54,VGK,https://assets.nhle.com/logos/nhl/svg/VGK_light.svg,15,WSH,https://assets.nhle.com/logos/nhl/svg/WSH_secondary_light.svg,Washington,Vegas,2,4,8481656,8480313,OFF,https://api-web.nhle.com/v1/gamecenter/2024020049/play-by-play,2024-10-15 23:00:00+00:00,11:00 pm,2024-10-15
2024020050,20242025,2,1,NJD,https://assets.nhle.com/logos/nhl/svg/NJD_light.svg,12,CAR,https://assets.nhle.com/logos/nhl/svg/CAR_light.svg,Carolina,New Jersey,2,4,8482809,8481611,OFF,https://api-web.nhle.com/v1/gamecenter/2024020050/play-by-play,2024-10-15 23:00:00+00:00,11:00 pm,2024-10-15
2024020051,20242025,2,13,FLA,https://assets.nhle.com/logos/nhl/svg/FLA_light.svg,29,CBJ,https://assets.nhle.com/logos/nhl/svg/CBJ_light.svg,Columbus,Florida,4,3,8480185,8481519,OFF,https://api-web.nhle.com/v1/gamecenter/2024020051/play-by-play,2024-10-15 23:00:00+00:00,11:00 pm,2024-10-15
2024020052,20242025,2,30,MIN,https://assets.nhle.com/logos/nhl/svg/MIN_light.svg,19,STL,https://assets.nhle.com/logos/nhl/svg/STL_light.svg,St. Louis,Minnesota,4,1,8480880,8479406,OFF,https://api-web.nhle.com/v1/gamecenter/2024020052/play-by-play,2024-10-15 23:30:00+00:00,11:30 pm,2024-10-15
2024020053,20242025,2,55,SEA,https://assets.nhle.com/logos/nhl/svg/SEA_light.svg,18,NSH,https://assets.nhle.com/logos/nhl/svg/NSH_light.svg,Nashville,Seattle,7,3,8475768,8478916,OFF,https://api-web.nhle.com/v1/gamecenter/2024020053/play-by-play,2024-10-16 00:00:00+00:00,12:00 am,2024-10-16
2024020054,20242025,2,28,SJS,https://assets.nhle.com/logos/nhl/svg/SJS_light.svg,25,DAL,https://assets.nhle.com/logos/nhl/svg/DAL_light.svg,Dallas,San Jose,2,3,,8479979,OFF,https://api-web.nhle.com/v1/gamecenter/2024020054/play-by-play,2024-10-16 00:00:00+00:00,12:00 am,2024-10-16
2024020055,20242025,2,16,CHI,https://assets.nhle.com/logos/nhl/svg/CHI_light.svg,20,CGY,https://assets.nhle.com/logos/nhl/svg/CGY_light.svg,Calgary,Chicago,1,3,8483808,8481692,OFF,https://api-web.nhle.com/v1/gamecenter/2024020055/play-by-play,2024-10-16 01:00:00+00:00,1:00 am,2024-10-16
2024020056,20242025,2,4,PHI,https://assets.nhle.com/logos/nhl/svg/PHI_light.svg,22,EDM,https://assets.nhle.com/logos/nhl/svg/EDM_light.svg,Edmonton,Philadelphia,3,4,8477934,8479973,OFF,https://api-web.nhle.com/v1/gamecenter/2024020056/play-by-play,2024-10-16 02:00:00+00:00,2:00 am,2024-10-16
2024020057,20242025,2,7,BUF,https://assets.nhle.com/logos/nhl/svg/BUF_light.svg,5,PIT,https://assets.nhle.com/logos/nhl/svg/PIT_light.svg,Pittsburgh,Buffalo,5,6,8471675,8482446,OFF,https://api-web.nhle.com/v1/gamecenter/2024020057/play-by-play,2024-10-16 23:00:00+00:00,11:00 pm,2024-10-16
2024020058,20242025,2,26,LAK,https://assets.nhle.com/logos/nhl/svg/LAK_light.svg,10,TOR,https://assets.nhle.com/logos/nhl/svg/TOR_light.svg,Toronto,Los Angeles,2,6,8482259,8476932,OFF,https://api-web.nhle.com/v1/gamecenter/2024020058/play-by-play,2024-10-16 23:30:00+00:00,11:30 pm,2024-10-16
2024020059,20242025,2,6,BOS,https://assets.nhle.com/logos/nhl/svg/BOS_light.svg,21,COL,https://assets.nhle.com/logos/nhl/svg/COL_light.svg,Colorado,Boston,5,3,8476854,8476914,OFF,https://api-web.nhle.com/v1/gamecenter/2024020059/play-by-play,2024-10-17 01:30:00+00:00,1:30 am,2024-10-17
2024020060,20242025,2,59,UTA,https://assets.nhle.com/logos/nhl/svg/UTA_light.svg,24,ANA,https://assets.nhle.com/logos/nhl/svg/ANA_light.svg,Anaheim,Utah,4,5,8484153,8480843,OFF,https://api-web.nhle.com/v1/gamecenter/2024020060/play-by-play,2024-10-17 02:00:00+00:00,2:00 am,2024-10-17
2024020061,20242025,2,26,LAK,https://assets.nhle.com/logos/nhl/svg/LAK_light.svg,8,MTL,https://assets.nhle.com/logos/nhl/svg/MTL_light.svg,Montréal,Los Angeles,4,1,8482155,8479496,OFF,https://api-web.nhle.com/v1/gamecenter/2024020061/play-by-play,2024-10-17 23:00:00+00:00,11:00 pm,2024-10-17
2024020062,20242025,2,1,NJD,https://assets.nhle.com/logos/nhl/svg/NJD_light.svg,9,OTT,https://assets.nhle.com/logos/nhl/svg/OTT_light.svg,Ottawa,New Jersey,3,1,8479414,8474593,OFF,https://api-web.nhle.com/v1/gamecenter/2024020062/play-by-play,2024-10-17 23:00:00+00:00,11:00 pm,2024-10-17
2024020063,20242025,2,3,NYR,https://assets.nhle.com/logos/nhl/svg/NYR_light.svg,17,DET,https://assets.nhle.com/logos/nhl/svg/DET_light.svg,Detroit,New York,5,2,8476389,8471734,OFF,https://api-web.nhle.com/v1/gamecenter/2024020063/play-by-play,2024-10-17 23:30:00+00:00,11:30 pm,2024-10-17
2024020064,20242025,2,54,VGK,https://assets.nhle.com/logos/nhl/svg/VGK_light.svg,14,TBL,https://assets.nhle.com/logos/nhl/svg/TBL_light.svg,Tampa Bay,Vegas,3,4,8476453,8476883,OFF,https://api-web.nhle.com/v1/gamecenter/2024020064/play-by-play,2024-10-17 23:00:00+00:00,11:00 pm,2024-10-17
2024020065,20242025,2,23,VAN,https://assets.nhle.com/logos/nhl/svg/VAN_light.svg,13,FLA,https://assets.nhle.com/logos/nhl/svg/FLA_light.svg,Florida,Vancouver,3,2,8476468,8480947,OFF,https://api-web.nhle.com/v1/gamecenter/2024020065/play-by-play,2024-10-17 23:00:00+00:00,11:00 pm,2024-10-17
2024020066,20242025,2,25,DAL,https://assets.nhle.com/logos/nhl/svg/DAL_light.svg,15,WSH,https://assets.nhle.com/logos/nhl/svg/WSH_secondary_light.svg,Washington,Dallas,2,3,8479390,8479292,OFF,https://api-web.nhle.com/v1/gamecenter/2024020066/play-by-play,2024-10-17 23:00:00+00:00,11:00 pm,2024-10-17
2024020067,20242025,2,7,BUF,https://assets.nhle.com/logos/nhl/svg/BUF_light.svg,29,CBJ,https://assets.nhle.com/logos/nhl/svg/CBJ_light.svg,Columbus,Buffalo,4,6,8479944,8480193,OFF,https://api-web.nhle.com/v1/gamecenter/2024020067/play-by-play,2024-10-17 23:00:00+00:00,11:00 pm,2024-10-17
2024020068,20242025,2,2,NYI,https://assets.nhle.com/logos/nhl/svg/NYI_light.svg,19,STL,https://assets.nhle.com/logos/nhl/svg/STL_light.svg,St. Louis,New York,0,1,8482089,8480981,OFF,https://api-web.nhle.com/v1/gamecenter/2024020068/play-by-play,2024-10-18 00:00:00+00:00,12:00 am,2024-10-18
2024020069,20242025,2,22,EDM,https://assets.nhle.com/logos/nhl/svg/EDM_light.svg,18,NSH,https://assets.nhle.com/logos/nhl/svg/NSH_light.svg,Nashville,Edmonton,4,2,8478402,8475717,OFF,https://api-web.nhle.com/v1/gamecenter/2024020069/play-by-play,2024-10-18 00:00:00+00:00,12:00 am,2024-10-18
2024020070,20242025,2,28,SJS,https://assets.nhle.com/logos/nhl/svg/SJS_light.svg,16,CHI,https://assets.nhle.com/logos/nhl/svg/CHI_light.svg,Chicago,San Jose,2,4,8473422,8475852,OFF,https://api-web.nhle.com/v1/gamecenter/2024020070/play-by-play,2024-10-18 00:30:00+00:00,12:30 am,2024-10-18
2024020071,20242025,2,4,PHI,https://assets.nhle.com/logos/nhl/svg/PHI_light.svg,55,SEA,https://assets.nhle.com/logos/nhl/svg/SEA_light.svg,Seattle,Philadelphia,4,6,8483524,8475831,OFF,https://api-web.nhle.com/v1/gamecenter/2024020071/play-by-play,2024-10-18 02:00:00+00:00,2:00 am,2024-10-18
2024020072,20242025,2,12,CAR,https://assets.nhle.com/logos/nhl/svg/CAR_light.svg,5,PIT,https://assets.nhle.com/logos/nhl/svg/PIT_light.svg,Pittsburgh,Carolina,4,1,8480039,8475883,OFF,https://api-web.nhle.com/v1/gamecenter/2024020072/play-by-play,2024-10-18 23:00:00+00:00,11:00 pm,2024-10-18
2024020073,20242025,2,28,SJS,https://assets.nhle.com/logos/nhl/svg/SJS_light.svg,52,WPG,https://assets.nhle.com/logos/nhl/svg/WPG_light.svg,Winnipeg,San Jose,3,8,8480145,8476945,OFF,https://api-web.nhle.com/v1/gamecenter/2024020073/play-by-play,2024-10-19 00:00:00+00:00,12:00 am,2024-10-19
2024020074,20242025,2,24,ANA,https://assets.nhle.com/logos/nhl/svg/ANA_light.svg,21,COL,https://assets.nhle.com/logos/nhl/svg/COL_light.svg,Colorado,Anaheim,3,4,8477492,8480382,OFF,https://api-web.nhle.com/v1/gamecenter/2024020074/play-by-play,2024-10-19 01:00:00+00:00,1:00 am,2024-10-19
2024020075,20242025,2,14,TBL,https://assets.nhle.com/logos/nhl/svg/TBL_light.svg,9,OTT,https://assets.nhle.com/logos/nhl/svg/OTT_light.svg,Ottawa,Tampa Bay,4,5,8479393,8476341,OFF,https://api-web.nhle.com/v1/gamecenter/2024020075/play-by-play,2024-10-19 17:00:00+00:00,5:00 pm,2024-10-19
2024020076,20242025,2,17,DET,https://assets.nhle.com/logos/nhl/svg/DET_light.svg,18,NSH,https://assets.nhle.com/logos/nhl/svg/NSH_light.svg,Nashville,Detroit,5,2,8477429,8479312,OFF,https://api-web.nhle.com/v1/gamecenter/2024020076/play-by-play,2024-10-19 18:00:00+00:00,6:00 pm,2024-10-19
2024020077,20242025,2,22,EDM,https://assets.nhle.com/logos/nhl/svg/EDM_light.svg,25,DAL,https://assets.nhle.com/logos/nhl/svg/DAL_light.svg,Dallas,Edmonton,1,4,8475168,8479979,OFF,https://api-web.nhle.com/v1/gamecenter/2024020077/play-by-play,2024-10-19 20:00:00+00:00,8:00 pm,2024-10-19
2024020078,20242025,2,54,VGK,https://assets.nhle.com/logos/nhl/svg/VGK_light.svg,13,FLA,https://assets.nhle.com/logos/nhl/svg/FLA_light.svg,Florida,Vegas,3,4,8478055,8475683,OFF,https://api-web.nhle.com/v1/gamecenter/2024020078/play-by-play,2024-10-19 22:00:00+00:00,10:00 pm,2024-10-19
2024020079,20242025,2,3,NYR,https://assets.nhle.com/logos/nhl/svg/NYR_light.svg,10,TOR,https://assets.nhle.com/logos/nhl/svg/TOR_light.svg,Toronto,New York,4,1,8475184,8478048,OFF,https://api-web.nhle.com/v1/gamecenter/2024020079/play-by-play,2024-10-19 23:00:00+00:00,11:00 pm,2024-10-19
2024020080,20242025,2,15,WSH,https://assets.nhle.com/logos/nhl/svg/WSH_secondary_light.svg,1,NJD,https://assets.nhle.com/logos/nhl/svg/NJD_light.svg,New Jersey,Washington,6,5,8476880,8480313,OFF,https://api-web.nhle.com/v1/gamecenter/2024020080/play-by-play,2024-10-19 23:00:00+00:00,11:00 pm,2024-10-19
2024020081,20242025,2,8,MTL,https://assets.nhle.com/logos/nhl/svg/MTL_light.svg,2,NYI,https://assets.nhle.com/logos/nhl/svg/NYI_light.svg,New York,Montréal,3,4,,8473575,OFF,https://api-web.nhle.com/v1/gamecenter/2024020081/play-by-play,2024-10-19 23:00:00+00:00,11:00 pm,2024-10-19
2024020082,20242025,2,23,VAN,https://assets.nhle.com/logos/nhl/svg/VAN_light.svg,4,PHI,https://assets.nhle.com/logos/nhl/svg/PHI_light.svg,Philadelphia,Vancouver,3,0,8481535,8480947,OFF,https://api-web.nhle.com/v1/gamecenter/2024020082/play-by-play,2024-10-19 23:00:00+00:00,11:00 pm,2024-10-19
2024020083,20242025,2,30,MIN,https://assets.nhle.com/logos/nhl/svg/MIN_light.svg,29,CBJ,https://assets.nhle.com/logos/nhl/svg/CBJ_light.svg,Columbus,Minnesota,3,1,8478864,8479406,OFF,https://api-web.nhle.com/v1/gamecenter/2024020083/play-by-play,2024-10-19 23:00:00+00:00,11:00 pm,2024-10-19
2024020084,20242025,2,12,CAR,https://assets.nhle.com/logos/nhl/svg/CAR_light.svg,19,STL,https://assets.nhle.com/logos/nhl/svg/STL_light.svg,St. Louis,Carolina,3,4,8477953,8480981,OFF,https://api-web.nhle.com/v1/gamecenter/2024020084/play-by-play,2024-10-19 23:00:00+00:00,11:00 pm,2024-10-19
2024020085,20242025,2,7,BUF,https://assets.nhle.com/logos/nhl/svg/BUF_light.svg,16,CHI,https://assets.nhle.com/logos/nhl/svg/CHI_light.svg,Chicago,Buffalo,4,2,8482175,8480045,OFF,https://api-web.nhle.com/v1/gamecenter/2024020085/play-by-play,2024-10-20 00:00:00+00:00,12:00 am,2024-10-20
2024020086,20242025,2,6,BOS,https://assets.nhle.com/logos/nhl/svg/BOS_light.svg,59,UTA,https://assets.nhle.com/logos/nhl/svg/UTA_light.svg,Utah,Boston,1,2,8480891,8478971,OFF,https://api-web.nhle.com/v1/gamecenter/2024020086/play-by-play,2024-10-20 01:00:00+00:00,1:00 am,2024-10-20
2024020087,20242025,2,20,CGY,https://assets.nhle.com/logos/nhl/svg/CGY_light.svg,55,SEA,https://assets.nhle.com/logos/nhl/svg/SEA_light.svg,Seattle,Calgary,1,2,8474586,8478916,OFF,https://api-web.nhle.com/v1/gamecenter/2024020087/play-by-play,2024-10-20 02:00:00+00:00,2:00 am,2024-10-20
2024020088,20242025,2,5,PIT,https://assets.nhle.com/logos/nhl/svg/PIT_light.svg,52,WPG,https://assets.nhle.com/logos/nhl/svg/WPG_light.svg,Winnipeg,Pittsburgh,3,6,8476392,8477480,OFF,https://api-web.nhle.com/v1/gamecenter/2024020088/play-by-play,2024-10-20 19:00:00+00:00,7:00 pm,2024-10-20
2024020089,20242025,2,21,COL,https://assets.nhle.com/logos/nhl/svg/COL_light.svg,28,SJS,https://assets.nhle.com/logos/nhl/svg/SJS_light.svg,San Jose,Colorado,4,1,8479525,8481020,OFF,https://api-web.nhle.com/v1/gamecenter/2024020089/play-by-play,2024-10-21 00:00:00+00:00,12:00 am,2024-10-21
2024020090,20242025,2,26,LAK,https://assets.nhle.com/logos/nhl/svg/LAK_light.svg,24,ANA,https://assets.nhle.com/logos/nhl/svg/ANA_light.svg,Anaheim,Los Angeles,4,1,8482155,8479496,OFF,https://api-web.nhle.com/v1/gamecenter/2024020090/play-by-play,2024-10-21 00:00:00+00:00,12:00 am,2024-10-21
2024020091,20242025,2,14,TBL,https://assets.nhle.com/logos/nhl/svg/TBL_light.svg,10,TOR,https://assets.nhle.com/logos/nhl/svg/TOR_light.svg,Toronto,Tampa Bay,2,5,8477939,8476932,OFF,https://api-web.nhle.com/v1/gamecenter/2024020091/play-by-play,2024-10-21 23:30:00+00:00,11:30 pm,2024-10-21
2024020092,20242025,2,15,WSH,https://assets.nhle.com/logos/nhl/svg/WSH_secondary_light.svg,4,PHI,https://assets.nhle.com/logos/nhl/svg/PHI_light.svg,Philadelphia,Washington,4,1,8478233,8479292,OFF,https://api-web.nhle.com/v1/gamecenter/2024020092/play-by-play,2024-10-22 22:00:00+00:00,10:00 pm,2024-10-22
2024020093,20242025,2,30,MIN,https://assets.nhle.com/logos/nhl/svg/MIN_light.svg,13,FLA,https://assets.nhle.com/logos/nhl/svg/FLA_light.svg,Florida,Minnesota,5,1,8475149,8479406,OFF,https://api-web.nhle.com/v1/gamecenter/2024020093/play-by-play,2024-10-22 22:30:00+00:00,10:30 pm,2024-10-22
2024020094,20242025,2,14,TBL,https://assets.nhle.com/logos/nhl/svg/TBL_light.svg,1,NJD,https://assets.nhle.com/logos/nhl/svg/NJD_light.svg,New Jersey,Tampa Bay,8,5,8475167,8477992,OFF,https://api-web.nhle.com/v1/gamecenter/2024020094/play-by-play,2024-10-22 22:45:00+00:00,10:45 pm,2024-10-22
2024020095,20242025,2,25,DAL,https://assets.nhle.com/logos/nhl/svg/DAL_light.svg,7,BUF,https://assets.nhle.com/logos/nhl/svg/BUF_light.svg,Buffalo,Dallas,2,4,8479420,8480045,OFF,https://api-web.nhle.com/v1/gamecenter/2024020095/play-by-play,2024-10-22 23:00:00+00:00,11:00 pm,2024-10-22
2024020096,20242025,2,3,NYR,https://assets.nhle.com/logos/nhl/svg/NYR_light.svg,8,MTL,https://assets.nhle.com/logos/nhl/svg/MTL_light.svg,Montréal,New York,7,2,8475191,8478048,OFF,https://api-web.nhle.com/v1/gamecenter/2024020096/play-by-play,2024-10-22 23:15:00+00:00,11:15 pm,2024-10-22
2024020097,20242025,2,10,TOR,https://assets.nhle.com/logos/nhl/svg/TOR_light.svg,29,CBJ,https://assets.nhle.com/logos/nhl/svg/CBJ_light.svg,Columbus,Toronto,2,6,8479671,8480193,OFF,https://api-web.nhle.com/v1/gamecenter/2024020097/play-by-play,2024-10-22 23:30:00+00:00,11:30 pm,2024-10-22
2024020098,20242025,2,17,DET,https://assets.nhle.com/logos/nhl/svg/DET_light.svg,2,NYI,https://assets.nhle.com/logos/nhl/svg/NYI_light.svg,New York,Detroit,1,0,8474141,8479312,OFF,https://api-web.nhle.com/v1/gamecenter/2024020098/play-by-play,2024-10-22 23:45:00+00:00,11:45 pm,2024-10-22
2024020099,20242025,2,52,WPG,https://assets.nhle.com/logos/nhl/svg/WPG_light.svg,19,STL,https://assets.nhle.com/logos/nhl/svg/STL_light.svg,St. Louis,Winnipeg,3,2,8478398,8476945,OFF,https://api-web.nhle.com/v1/gamecenter/2024020099/play-by-play,2024-10-23 00:00:00+00:00,12:00 am,2024-10-23
2024020100,20242025,2,23,VAN,https://assets.nhle.com/logos/nhl/svg/VAN_light.svg,16,CHI,https://assets.nhle.com/logos/nhl/svg/CHI_light.svg,Chicago,Vancouver,6,3,8478856,8480947,OFF,https://api-web.nhle.com/v1/gamecenter/2024020100/play-by-play,2024-10-23 00:15:00+00:00,12:15 am,2024-10-23
2024020101,20242025,2,6,BOS,https://assets.nhle.com/logos/nhl/svg/BOS_light.svg,18,NSH,https://assets.nhle.com/logos/nhl/svg/NSH_light.svg,Nashville,Boston,0,4,8475158,8477424,OFF,https://api-web.nhle.com/v1/gamecenter/2024020101/play-by-play,2024-10-23 00:45:00+00:00,12:45 am,2024-10-23
2024020102,20242025,2,5,PIT,https://assets.nhle.com/logos/nhl/svg/PIT_light.svg,20,CGY,https://assets.nhle.com/logos/nhl/svg/CGY_light.svg,Calgary,Pittsburgh,3,4,,8481692,OFF,https://api-web.nhle.com/v1/gamecenter/2024020102/play-by-play,2024-10-23 01:30:00+00:00,1:30 am,2024-10-23
2024020103,20242025,2,12,CAR,https://assets.nhle.com/logos/nhl/svg/CAR_light.svg,22,EDM,https://assets.nhle.com/logos/nhl/svg/EDM_light.svg,Edmonton,Carolina,3,2,8478427,8475883,OFF,https://api-web.nhle.com/v1/gamecenter/2024020103/play-by-play,2024-10-23 01:00:00+00:00,1:00 am,2024-10-23
2024020104,20242025,2,9,OTT,https://assets.nhle.com/logos/nhl/svg/OTT_light.svg,59,UTA,https://assets.nhle.com/logos/nhl/svg/UTA_light.svg,Utah,Ottawa,4,0,8480208,8476341,OFF,https://api-web.nhle.com/v1/gamecenter/2024020104/play-by-play,2024-10-23 01:15:00+00:00,1:15 am,2024-10-23
2024020105,20242025,2,28,SJS,https://assets.nhle.com/logos/nhl/svg/SJS_light.svg,24,ANA,https://assets.nhle.com/logos/nhl/svg/ANA_light.svg,Anaheim,San Jose,1,3,8484153,8480843,OFF,https://api-web.nhle.com/v1/gamecenter/2024020105/play-by-play,2024-10-23 02:15:00+00:00,2:15 am,2024-10-23
2024020106,20242025,2,21,COL,https://assets.nhle.com/logos/nhl/svg/COL_light.svg,55,SEA,https://assets.nhle.com/logos/nhl/svg/SEA_light.svg,Seattle,Colorado,3,2,8477492,8481020,OFF,https://api-web.nhle.com/v1/gamecenter/2024020106/play-by-play,2024-10-23 00:30:00+00:00,12:30 am,2024-10-23
2024020107,20242025,2,26,LAK,https://assets.nhle.com/logos/nhl/svg/LAK_light.svg,54,VGK,https://assets.nhle.com/logos/nhl/svg/VGK_light.svg,Vegas,Los Angeles,1,6,8475913,8478492,OFF,https://api-web.nhle.com/v1/gamecenter/2024020107/play-by-play,2024-10-23 03:00:00+00:00,3:00 am,2024-10-23
2024020108,20242025,2,4,PHI,https://assets.nhle.com/logos/nhl/svg/PHI_light.svg,15,WSH,https://assets.nhle.com/logos/nhl/svg/WSH_secondary_light.svg,Washington,Philadelphia,3,6,8481580,8480313,OFF,https://api-web.nhle.com/v1/gamecenter/2024020108/play-by-play,2024-10-23 23:30:00+00:00,11:30 pm,2024-10-23
2024020109,20242025,2,25,DAL,https://assets.nhle.com/logos/nhl/svg/DAL_light.svg,6,BOS,https://assets.nhle.com/logos/nhl/svg/BOS_light.svg,Boston,Dallas,5,2,8482702,8479193,OFF,https://api-web.nhle.com/v1/gamecenter/2024020109/play-by-play,2024-10-24 23:00:00+00:00,11:00 pm,2024-10-24
2024020110,20242025,2,19,STL,https://assets.nhle.com/logos/nhl/svg/STL_light.svg,10,TOR,https://assets.nhle.com/logos/nhl/svg/TOR_light.svg,Toronto,St. Louis,5,1,8482077,8476412,OFF,https://api-web.nhle.com/v1/gamecenter/2024020110/play-by-play,2024-10-24 23:00:00+00:00,11:00 pm,2024-10-24
2024020111,20242025,2,1,NJD,https://assets.nhle.com/logos/nhl/svg/NJD_light.svg,17,DET,https://assets.nhle.com/logos/nhl/svg/DET_light.svg,Detroit,New Jersey,3,5,8474141,8475660,OFF,https://api-web.nhle.com/v1/gamecenter/2024020111/play-by-play,2024-10-24 23:00:00+00:00,11:00 pm,2024-10-24
2024020112,20242025,2,30,MIN,https://assets.nhle.com/logos/nhl/svg/MIN_light.svg,14,TBL,https://assets.nhle.com/logos/nhl/svg/TBL_light.svg,Tampa Bay,Minnesota,4,2,8481557,8470594,OFF,https://api-web.nhle.com/v1/gamecenter/2024020112/play-by-play,2024-10-24 23:00:00+00:00,11:00 pm,2024-10-24
2024020113,20242025,2,13,FLA,https://assets.nhle.com/logos/nhl/svg/FLA_light.svg,3,NYR,https://assets.nhle.com/logos/nhl/svg/NYR_light.svg,New York,Florida,3,1,8477409,8475683,OFF,https://api-web.nhle.com/v1/gamecenter/2024020113/play-by-play,2024-10-24 23:00:00+00:00,11:00 pm,2024-10-24
2024020114,20242025,2,12,CAR,https://assets.nhle.com/logos/nhl/svg/CAR_light.svg,20,CGY,https://assets.nhle.com/logos/nhl/svg/CGY_light.svg,Calgary,Carolina,4,2,8480039,8481611,OFF,https://api-web.nhle.com/v1/gamecenter/2024020114/play-by-play,2024-10-25 01:00:00+00:00,1:00 am,2024-10-25
2024020115,20242025,2,21,COL,https://assets.nhle.com/logos/nhl/svg/COL_light.svg,59,UTA,https://assets.nhle.com/logos/nhl/svg/UTA_light.svg,Utah,Colorado,5,1,8480069,8481020,OFF,https://api-web.nhle.com/v1/gamecenter/2024020115/play-by-play,2024-10-25 01:00:00+00:00,1:00 am,2024-10-25
2024020116,20242025,2,52,WPG,https://assets.nhle.com/logos/nhl/svg/WPG_light.svg,55,SEA,https://assets.nhle.com/logos/nhl/svg/SEA_light.svg,Seattle,Winnipeg,4,3,8477940,8476945,OFF,https://api-web.nhle.com/v1/gamecenter/2024020116/play-by-play,2024-10-25 02:00:00+00:00,2:00 am,2024-10-25
2024020117,20242025,2,28,SJS,https://assets.nhle.com/logos/nhl/svg/SJS_light.svg,26,LAK,https://assets.nhle.com/logos/nhl/svg/LAK_light.svg,Los Angeles,San Jose,2,3,8477998,8479496,OFF,https://api-web.nhle.com/v1/gamecenter/2024020117/play-by-play,2024-10-25 02:30:00+00:00,2:30 am,2024-10-25
2024020118,20242025,2,9,OTT,https://assets.nhle.com/logos/nhl/svg/OTT_light.svg,54,VGK,https://assets.nhle.com/logos/nhl/svg/VGK_light.svg,Vegas,Ottawa,4,6,8478434,8478499,OFF,https://api-web.nhle.com/v1/gamecenter/2024020118/play-by-play,2024-10-25 22:00:00+00:00,10:00 pm,2024-10-25
2024020119,20242025,2,2,NYI,https://assets.nhle.com/logos/nhl/svg/NYI_light.svg,1,NJD,https://assets.nhle.com/logos/nhl/svg/NJD_light.svg,New Jersey,New York,4,3,8477500,8478009,OFF,https://api-web.nhle.com/v1/gamecenter/2024020119/play-by-play,2024-10-25 23:00:00+00:00,11:00 pm,2024-10-25
2024020120,20242025,2,18,NSH,https://assets.nhle.com/logos/nhl/svg/NSH_light.svg,16,CHI,https://assets.nhle.com/logos/nhl/svg/CHI_light.svg,Chicago,Nashville,3,2,8476869,8477424,OFF,https://api-web.nhle.com/v1/gamecenter/2024020120/play-by-play,2024-10-26 00:30:00+00:00,12:30 am,2024-10-26
2024020121,20242025,2,5,PIT,https://assets.nhle.com/logos/nhl/svg/PIT_light.svg,22,EDM,https://assets.nhle.com/logos/nhl/svg/EDM_light.svg,Edmonton,Pittsburgh,0,4,8477934,8479973,OFF,https://api-web.nhle.com/v1/gamecenter/2024020121/play-by-play,2024-10-26 01:00:00+00:00,1:00 am,2024-10-26
2024020122,20242025,2,17,DET,https://assets.nhle.com/logos/nhl/svg/DET_light.svg,7,BUF,https://assets.nhle.com/logos/nhl/svg/BUF_light.svg,Buffalo,Detroit,3,5,8481524,8480045,OFF,https://api-web.nhle.com/v1/gamecenter/2024020122/play-by-play,2024-10-26 17:00:00+00:00,5:00 pm,2024-10-26
2024020123,20242025,2,30,MIN,https://assets.nhle.com/logos/nhl/svg/MIN_light.svg,4,PHI,https://assets.nhle.com/logos/nhl/svg/PHI_light.svg,Philadelphia,Minnesota,5,7,8477499,8481035,OFF,https://api-web.nhle.com/v1/gamecenter/2024020123/play-by-play,2024-10-26 17:00:00+00:00,5:00 pm,2024-10-26
2024020124,20242025,2,59,UTA,https://assets.nhle.com/logos/nhl/svg/UTA_light.svg,26,LAK,https://assets.nhle.com/logos/nhl/svg/LAK_light.svg,Los Angeles,Utah,2,3,8476441,8475311,OFF,https://api-web.nhle.com/v1/gamecenter/2024020124/play-by-play,2024-10-26 20:00:00+00:00,8:00 pm,2024-10-26
2024020125,20242025,2,10,TOR,https://assets.nhle.com/logos/nhl/svg/TOR_light.svg,6,BOS,https://assets.nhle.com/logos/nhl/svg/BOS_light.svg,Boston,Toronto,3,4,8473419,8480280,OFF,https://api-web.nhle.com/v1/gamecenter/2024020125/play-by-play,2024-10-26 23:00:00+00:00,11:00 pm,2024-10-26
2024020126,20242025,2,19,STL,https://assets.nhle.com/logos/nhl/svg/STL_light.svg,8,MTL,https://assets.nhle.com/logos/nhl/svg/MTL_light.svg,Montréal,St. Louis,2,5,8481618,8478470,OFF,https://api-web.nhle.com/v1/gamecenter/2024020126/play-by-play,2024-10-26 23:00:00+00:00,11:00 pm,2024-10-26
2024020127,20242025,2,15,WSH,https://assets.nhle.com/logos/nhl/svg/WSH_secondary_light.svg,14,TBL,https://assets.nhle.com/logos/nhl/svg/TBL_light.svg,Tampa Bay,Washington,0,3,8482070,8476883,OFF,https://api-web.nhle.com/v1/gamecenter/2024020127/play-by-play,2024-10-26 23:00:00+00:00,11:00 pm,2024-10-26
2024020128,20242025,2,24,ANA,https://assets.nhle.com/logos/nhl/svg/ANA_light.svg,3,NYR,https://assets.nhle.com/logos/nhl/svg/NYR_light.svg,New York,Anaheim,1,2,8482157,8471734,OFF,https://api-web.nhle.com/v1/gamecenter/2024020128/play-by-play,2024-10-26 23:00:00+00:00,11:00 pm,2024-10-26
2024020129,20242025,2,52,WPG,https://assets.nhle.com/logos/nhl/svg/WPG_light.svg,20,CGY,https://assets.nhle.com/logos/nhl/svg/CGY_light.svg,Calgary,Winnipeg,5,3,8482149,8477480,OFF,https://api-web.nhle.com/v1/gamecenter/2024020129/play-by-play,2024-10-26 23:00:00+00:00,11:00 pm,2024-10-26
2024020130,20242025,2,13,FLA,https://assets.nhle.com/logos/nhl/svg/FLA_light.svg,2,NYI,https://assets.nhle.com/logos/nhl/svg/NYI_light.svg,New York,Florida,6,3,8477935,8481519,OFF,https://api-web.nhle.com/v1/gamecenter/2024020130/play-by-play,2024-10-26 23:30:00+00:00,11:30 pm,2024-10-26
2024020131,20242025,2,29,CBJ,https://assets.nhle.com/logos/nhl/svg/CBJ_light.svg,18,NSH,https://assets.nhle.com/logos/nhl/svg/NSH_light.svg,Nashville,Columbus,3,4,8476539,8475809,OFF,https://api-web.nhle.com/v1/gamecenter/2024020131/play-by-play,2024-10-27 00:00:00+00:00,12:00 am,2024-10-27
2024020132,20242025,2,16,CHI,https://assets.nhle.com/logos/nhl/svg/CHI_light.svg,25,DAL,https://assets.nhle.com/logos/nhl/svg/DAL_light.svg,Dallas,Chicago,2,4,8475168,8479979,OFF,https://api-web.nhle.com/v1/gamecenter/2024020132/play-by-play,2024-10-27 00:00:00+00:00,12:00 am,2024-10-27
2024020133,20242025,2,5,PIT,https://assets.nhle.com/logos/nhl/svg/PIT_light.svg,23,VAN,https://assets.nhle.com/logos/nhl/svg/VAN_light.svg,Vancouver,Pittsburgh,3,4,8483395,8480947,OFF,https://api-web.nhle.com/v1/gamecenter/2024020133/play-by-play,2024-10-27 02:00:00+00:00,2:00 am,2024-10-27
2024020134,20242025,2,28,SJS,https://assets.nhle.com/logos/nhl/svg/SJS_light.svg,54,VGK,https://assets.nhle.com/logos/nhl/svg/VGK_light.svg,Vegas,San Jose,3,7,8476448,8478492,OFF,https://api-web.nhle.com/v1/gamecenter/2024020134/play-by-play,2024-10-27 02:00:00+00:00,2:00 am,2024-10-27
2024020135,20242025,2,12,CAR,https://assets.nhle.com/logos/nhl/svg/CAR_light.svg,55,SEA,https://assets.nhle.com/logos/nhl/svg/SEA_light.svg,Seattle,Carolina,4,1,8480835,8475883,OFF,https://api-web.nhle.com/v1/gamecenter/2024020135/play-by-play,2024-10-27 02:00:00+00:00,2:00 am,2024-10-27
2024020136,20242025,2,22,EDM,https://assets.nhle.com/logos/nhl/svg/EDM_light.svg,17,DET,https://assets.nhle.com/logos/nhl/svg/DET_light.svg,Detroit,Edmonton,3,2,8477934,8475717,OFF,https://api-web.nhle.com/v1/gamecenter/2024020136/play-by-play,2024-10-27 22:00:00+00:00,10:00 pm,2024-10-27
2024020137,20242025,2,24,ANA,https://assets.nhle.com/logos/nhl/svg/ANA_light.svg,1,NJD,https://assets.nhle.com/logos/nhl/svg/NJD_light.svg,New Jersey,Anaheim,2,6,8476474,8474593,OFF,https://api-web.nhle.com/v1/gamecenter/2024020137/play-by-play,2024-10-27 23:00:00+00:00,11:00 pm,2024-10-27
2024020138,20242025,2,8,MTL,https://assets.nhle.com/logos/nhl/svg/MTL_light.svg,4,PHI,https://assets.nhle.com/logos/nhl/svg/PHI_light.svg,Philadelphia,Montréal,4,3,8478133,8480051,OFF,https://api-web.nhle.com/v1/gamecenter/2024020138/play-by-play,2024-10-27 23:00:00+00:00,11:00 pm,2024-10-27
2024020139,20242025,2,9,OTT,https://assets.nhle.com/logos/nhl/svg/OTT_light.svg,21,COL,https://assets.nhle.com/logos/nhl/svg/COL_light.svg,Colorado,Ottawa,4,5,8477492,8481020,OFF,https://api-web.nhle.com/v1/gamecenter/2024020139/play-by-play,2024-10-28 01:00:00+00:00,1:00 am,2024-10-28
2024020140,20242025,2,13,FLA,https://assets.nhle.com/logos/nhl/svg/FLA_light.svg,7,BUF,https://assets.nhle.com/logos/nhl/svg/BUF_light.svg,Buffalo,Florida,5,2,8477409,8475683,OFF,https://api-web.nhle.com/v1/gamecenter/2024020140/play-by-play,2024-10-28 23:00:00+00:00,11:00 pm,2024-10-28
2024020141,20242025,2,18,NSH,https://assets.nhle.com/logos/nhl/svg/NSH_light.svg,14,TBL,https://assets.nhle.com/logos/nhl/svg/TBL_light.svg,Tampa Bay,Nashville,2,3,8477426,8476883,OFF,https://api-web.nhle.com/v1/gamecenter/2024020141/play-by-play,2024-10-28 23:30:00+00:00,11:30 pm,2024-10-28
2024020142,20242025,2,22,EDM,https://assets.nhle.com/logos/nhl/svg/EDM_light.svg,29,CBJ,https://assets.nhle.com/logos/nhl/svg/CBJ_light.svg,Columbus,Edmonton,1,6,8484166,8478007,OFF,https://api-web.nhle.com/v1/gamecenter/2024020142/play-by-play,2024-10-28 23:00:00+00:00,11:00 pm,2024-10-28
2024020143,20242025,2,10,TOR,https://assets.nhle.com/logos/nhl/svg/TOR_light.svg,52,WPG,https://assets.nhle.com/logos/nhl/svg/WPG_light.svg,Winnipeg,Toronto,6,4,8475166,8476932,OFF,https://api-web.nhle.com/v1/gamecenter/2024020143/play-by-play,2024-10-28 23:30:00+00:00,11:30 pm,2024-10-28
2024020144,20242025,2,16,CHI,https://assets.nhle.com/logos/nhl/svg/CHI_light.svg,21,COL,https://assets.nhle.com/logos/nhl/svg/COL_light.svg,Colorado,Chicago,5,2,8477987,8475852,OFF,https://api-web.nhle.com/v1/gamecenter/2024020144/play-by-play,2024-10-29 01:00:00+00:00,1:00 am,2024-10-29
2024020145,20242025,2,28,SJS,https://assets.nhle.com/logos/nhl/svg/SJS_light.svg,59,UTA,https://assets.nhle.com/logos/nhl/svg/UTA_light.svg,Utah,San Jose,5,4,8477505,8478406,OFF,https://api-web.nhle.com/v1/gamecenter/2024020145/play-by-play,2024-10-29 01:00:00+00:00,1:00 am,2024-10-29
2024020146,20242025,2,12,CAR,https://assets.nhle.com/logos/nhl/svg/CAR_light.svg,23,VAN,https://assets.nhle.com/logos/nhl/svg/VAN_light.svg,Vancouver,Carolina,4,3,8478427,8481611,OFF,https://api-web.nhle.com/v1/gamecenter/2024020146/play-by-play,2024-10-29 02:00:00+00:00,2:00 am,2024-10-29
2024020147,20242025,2,20,CGY,https://assets.nhle.com/logos/nhl/svg/CGY_light.svg,54,VGK,https://assets.nhle.com/logos/nhl/svg/VGK_light.svg,Vegas,Calgary,0,5,8474565,8478499,OFF,https://api-web.nhle.com/v1/gamecenter/2024020147/play-by-play,2024-10-29 02:00:00+00:00,2:00 am,2024-10-29
2024020148,20242025,2,4,PHI,https://assets.nhle.com/logos/nhl/svg/PHI_light.svg,6,BOS,https://assets.nhle.com/logos/nhl/svg/BOS_light.svg,Boston,Philadelphia,2,0,8482159,8481035,OFF,https://api-web.nhle.com/v1/gamecenter/2024020148/play-by-play,2024-10-29 23:00:00+00:00,11:00 pm,2024-10-29
2024020149,20242025,2,55,SEA,https://assets.nhle.com/logos/nhl/svg/SEA_light.svg,8,MTL,https://assets.nhle.com/logos/nhl/svg/MTL_light.svg,Montréal,Seattle,8,2,8475768,8478916,OFF,https://api-web.nhle.com/v1/gamecenter/2024020149/play-by-play,2024-10-29 23:00:00+00:00,11:00 pm,2024-10-29
2024020150,20242025,2,19,STL,https://assets.nhle.com/logos/nhl/svg/STL_light.svg,9,OTT,https://assets.nhle.com/logos/nhl/svg/OTT_light.svg,Ottawa,St. Louis,1,8,8479393,8476999,OFF,https://api-web.nhle.com/v1/gamecenter/2024020150/play-by-play,2024-10-29 23:00:00+00:00,11:00 pm,2024-10-29
2024020151,20242025,2,3,NYR,https://assets.nhle.com/logos/nhl/svg/NYR_light.svg,15,WSH,https://assets.nhle.com/logos/nhl/svg/WSH_secondary_light.svg,Washington,New York,3,5,8481656,8480313,OFF,https://api-web.nhle.com/v1/gamecenter/2024020151/play-by-play,2024-10-29 23:30:00+00:00,11:30 pm,2024-10-29
2024020152,20242025,2,24,ANA,https://assets.nhle.com/logos/nhl/svg/ANA_light.svg,2,NYI,https://assets.nhle.com/logos/nhl/svg/NYI_light.svg,New York,Anaheim,3,1,8478873,8480843,OFF,https://api-web.nhle.com/v1/gamecenter/2024020152/play-by-play,2024-10-29 23:00:00+00:00,11:00 pm,2024-10-29
2024020153,20242025,2,30,MIN,https://assets.nhle.com/logos/nhl/svg/MIN_light.svg,5,PIT,https://assets.nhle.com/logos/nhl/svg/PIT_light.svg,Pittsburgh,Minnesota,5,3,8475692,8470594,OFF,https://api-web.nhle.com/v1/gamecenter/2024020153/play-by-play,2024-10-29 23:00:00+00:00,11:00 pm,2024-10-29
2024020154,20242025,2,26,LAK,https://assets.nhle.com/logos/nhl/svg/LAK_light.svg,28,SJS,https://assets.nhle.com/logos/nhl/svg/SJS_light.svg,San Jose,Los Angeles,2,4,8475726,8477970,OFF,https://api-web.nhle.com/v1/gamecenter/2024020154/play-by-play,2024-10-30 02:00:00+00:00,2:00 am,2024-10-30
2024020155,20242025,2,2,NYI,https://assets.nhle.com/logos/nhl/svg/NYI_light.svg,29,CBJ,https://assets.nhle.com/logos/nhl/svg/CBJ_light.svg,Columbus,New York,0,2,8476923,8478007,OFF,https://api-web.nhle.com/v1/gamecenter/2024020155/play-by-play,2024-10-30 23:00:00+00:00,11:00 pm,2024-10-30
2024020156,20242025,2,52,WPG,https://assets.nhle.com/logos/nhl/svg/WPG_light.svg,17,DET,https://assets.nhle.com/logos/nhl/svg/DET_light.svg,Detroit,Winnipeg,6,2,8478398,8476945,OFF,https://api-web.nhle.com/v1/gamecenter/2024020156/play-by-play,2024-10-30 23:30:00+00:00,11:30 pm,2024-10-30
2024020157,20242025,2,14,TBL,https://assets.nhle.com/logos/nhl/svg/TBL_light.svg,21,COL,https://assets.nhle.com/logos/nhl/svg/COL_light.svg,Colorado,Tampa Bay,5,2,8483447,8476883,OFF,https://api-web.nhle.com/v1/gamecenter/2024020157/play-by-play,2024-10-31 01:00:00+00:00,1:00 am,2024-10-31
2024020158,20242025,2,20,CGY,https://assets.nhle.com/logos/nhl/svg/CGY_light.svg,59,UTA,https://assets.nhle.com/logos/nhl/svg/UTA_light.svg,Utah,Calgary,1,5,8480849,8478971,OFF,https://api-web.nhle.com/v1/gamecenter/2024020158/play-by-play,2024-10-31 01:30:00+00:00,1:30 am,2024-10-31
2024020159,20242025,2,1,NJD,https://assets.nhle.com/logos/nhl/svg/NJD_light.svg,23,VAN,https://assets.nhle.com/logos/nhl/svg/VAN_light.svg,Vancouver,New Jersey,6,0,8480002,8474593,OFF,https://api-web.nhle.com/v1/gamecenter/2024020159/play-by-play,2024-10-31 02:30:00+00:00,2:30 am,2024-10-31
2024020160,20242025,2,54,VGK,https://assets.nhle.com/logos/nhl/svg/VGK_light.svg,26,LAK,https://assets.nhle.com/logos/nhl/svg/LAK_light.svg,Los Angeles,Vegas,3,6,8471685,8475311,OFF,https://api-web.nhle.com/v1/gamecenter/2024020160/play-by-play,2024-10-31 02:00:00+00:00,2:00 am,2024-10-31
2024020161,20242025,2,55,SEA,https://assets.nhle.com/logos/nhl/svg/SEA_light.svg,10,TOR,https://assets.nhle.com/logos/nhl/svg/TOR_light.svg,Toronto,Seattle,1,4,8477939,8479361,OFF,https://api-web.nhle.com/v1/gamecenter/2024020161/play-by-play,2024-10-31 23:00:00+00:00,11:00 pm,2024-10-31
2024020162,20242025,2,19,STL,https://assets.nhle.com/logos/nhl/svg/STL_light.svg,4,PHI,https://assets.nhle.com/logos/nhl/svg/PHI_light.svg,Philadelphia,St. Louis,1,2,8481553,8481035,OFF,https://api-web.nhle.com/v1/gamecenter/2024020162/play-by-play,2024-10-31 23:00:00+00:00,11:00 pm,2024-10-31
2024020163,20242025,2,24,ANA,https://assets.nhle.com/logos/nhl/svg/ANA_light.svg,5,PIT,https://assets.nhle.com/logos/nhl/svg/PIT_light.svg,Pittsburgh,Anaheim,1,2,8471675,8477968,OFF,https://api-web.nhle.com/v1/gamecenter/2024020163/play-by-play,2024-10-31 23:00:00+00:00,11:00 pm,2024-10-31
2024020164,20242025,2,8,MTL,https://assets.nhle.com/logos/nhl/svg/MTL_light.svg,15,WSH,https://assets.nhle.com/logos/nhl/svg/WSH_secondary_light.svg,Washington,Montréal,3,6,8481580,8479292,OFF,https://api-web.nhle.com/v1/gamecenter/2024020164/play-by-play,2024-10-31 23:00:00+00:00,11:00 pm,2024-10-31
2024020165,20242025,2,6,BOS,https://assets.nhle.com/logos/nhl/svg/BOS_light.svg,12,CAR,https://assets.nhle.com/logos/nhl/svg/CAR_light.svg,Carolina,Boston,2,8,8482809,8481611,OFF,https://api-web.nhle.com/v1/gamecenter/2024020165/play-by-play,2024-10-31 23:00:00+00:00,11:00 pm,2024-10-31
2024020166,20242025,2,22,EDM,https://assets.nhle.com/logos/nhl/svg/EDM_light.svg,18,NSH,https://assets.nhle.com/logos/nhl/svg/NSH_light.svg,Nashville,Edmonton,5,1,8470621,8475717,OFF,https://api-web.nhle.com/v1/gamecenter/2024020166/play-by-play,2024-11-01 00:00:00+00:00,12:00 am,2024-11-01
2024020167,20242025,2,16,CHI,https://assets.nhle.com/logos/nhl/svg/CHI_light.svg,28,SJS,https://assets.nhle.com/logos/nhl/svg/SJS_light.svg,San Jose,Chicago,2,3,8484227,8478406,OFF,https://api-web.nhle.com/v1/gamecenter/2024020167/play-by-play,2024-11-01 02:30:00+00:00,2:30 am,2024-11-01
2024020168,20242025,2,13,FLA,https://assets.nhle.com/logos/nhl/svg/FLA_light.svg,25,DAL,https://assets.nhle.com/logos/nhl/svg/DAL_light.svg,Dallas,Florida,6,4,8482713,8475683,OFF,https://api-web.nhle.com/v1/gamecenter/2024020168/play-by-play,2024-11-01 18:00:00+00:00,6:00 pm,2024-11-01
2024020169,20242025,2,2,NYI,https://assets.nhle.com/logos/nhl/svg/NYI_light.svg,7,BUF,https://assets.nhle.com/logos/nhl/svg/BUF_light.svg,Buffalo,New York,4,3,8476419,8478009,OFF,https://api-web.nhle.com/v1/gamecenter/2024020169/play-by-play,2024-11-01 23:00:00+00:00,11:00 pm,2024-11-01
2024020170,20242025,2,9,OTT,https://assets.nhle.com/logos/nhl/svg/OTT_light.svg,3,NYR,https://assets.nhle.com/logos/nhl/svg/NYR_light.svg,New York,Ottawa,1,2,8482109,8478048,OFF,https://api-web.nhle.com/v1/gamecenter/2024020170/play-by-play,2024-11-01 23:00:00+00:00,11:00 pm,2024-11-01
2024020171,20242025,2,52,WPG,https://assets.nhle.com/logos/nhl/svg/WPG_light.svg,29,CBJ,https://assets.nhle.com/logos/nhl/svg/CBJ_light.svg,Columbus,Winnipeg,6,2,8478891,8477480,OFF,https://api-web.nhle.com/v1/gamecenter/2024020171/play-by-play,2024-11-01 23:00:00+00:00,11:00 pm,2024-11-01
2024020172,20242025,2,14,TBL,https://assets.nhle.com/logos/nhl/svg/TBL_light.svg,30,MIN,https://assets.nhle.com/logos/nhl/svg/MIN_light.svg,Minnesota,Tampa Bay,3,5,8481557,8479406,OFF,https://api-web.nhle.com/v1/gamecenter/2024020172/play-by-play,2024-11-02 00:00:00+00:00,12:00 am,2024-11-02
2024020173,20242025,2,1,NJD,https://assets.nhle.com/logos/nhl/svg/NJD_light.svg,20,CGY,https://assets.nhle.com/logos/nhl/svg/CGY_light.svg,Calgary,New Jersey,0,3,8476399,8478435,OFF,https://api-web.nhle.com/v1/gamecenter/2024020173/play-by-play,2024-11-02 01:00:00+00:00,1:00 am,2024-11-02
2024020174,20242025,2,25,DAL,https://assets.nhle.com/logos/nhl/svg/DAL_light.svg,13,FLA,https://assets.nhle.com/logos/nhl/svg/FLA_light.svg,Florida,Dallas,2,4,8478421,8481519,OFF,https://api-web.nhle.com/v1/gamecenter/2024020174/play-by-play,2024-11-02 16:00:00+00:00,4:00 pm,2024-11-02
2024020175,20242025,2,6,BOS,https://assets.nhle.com/logos/nhl/svg/BOS_light.svg,4,PHI,https://assets.nhle.com/logos/nhl/svg/PHI_light.svg,Philadelphia,Boston,3,0,8483505,8476914,OFF,https://api-web.nhle.com/v1/gamecenter/2024020175/play-by-play,2024-11-02 17:00:00+00:00,5:00 pm,2024-11-02
2024020176,20242025,2,16,CHI,https://assets.nhle.com/logos/nhl/svg/CHI_light.svg,26,LAK,https://assets.nhle.com/logos/nhl/svg/LAK_light.svg,Los Angeles,Chicago,4,3,,8475852,OFF,https://api-web.nhle.com/v1/gamecenter/2024020176/play-by-play,2024-11-02 20:00:00+00:00,8:00 pm,2024-11-02
2024020177,20242025,2,29,CBJ,https://assets.nhle.com/logos/nhl/svg/CBJ_light.svg,15,WSH,https://assets.nhle.com/logos/nhl/svg/WSH_secondary_light.svg,Washington,Columbus,2,7,8478233,8480313,OFF,https://api-web.nhle.com/v1/gamecenter/2024020177/play-by-play,2024-11-02 21:00:00+00:00,9:00 pm,2024-11-02
2024020178,20242025,2,55,SEA,https://assets.nhle.com/logos/nhl/svg/SEA_light.svg,9,OTT,https://assets.nhle.com/logos/nhl/svg/OTT_light.svg,Ottawa,Seattle,0,3,8478874,8476341,OFF,https://api-web.nhle.com/v1/gamecenter/2024020178/play-by-play,2024-11-02 23:00:00+00:00,11:00 pm,2024-11-02
2024020179,20242025,2,7,BUF,https://assets.nhle.com/logos/nhl/svg/BUF_light.svg,17,DET,https://assets.nhle.com/logos/nhl/svg/DET_light.svg,Detroit,Buffalo,1,2,8477946,8475660,OFF,https://api-web.nhle.com/v1/gamecenter/2024020179/play-by-play,2024-11-02 23:00:00+00:00,11:00 pm,2024-11-02
2024020180,20242025,2,8,MTL,https://assets.nhle.com/logos/nhl/svg/MTL_light.svg,5,PIT,https://assets.nhle.com/logos/nhl/svg/PIT_light.svg,Pittsburgh,Montréal,1,3,8471675,8477968,OFF,https://api-web.nhle.com/v1/gamecenter/2024020180/play-by-play,2024-11-02 23:00:00+00:00,11:00 pm,2024-11-02
2024020181,20242025,2,10,TOR,https://assets.nhle.com/logos/nhl/svg/TOR_light.svg,19,STL,https://assets.nhle.com/logos/nhl/svg/STL_light.svg,St. Louis,Toronto,2,4,8476892,8476412,OFF,https://api-web.nhle.com/v1/gamecenter/2024020181/play-by-play,2024-11-02 23:00:00+00:00,11:00 pm,2024-11-02
2024020182,20242025,2,21,COL,https://assets.nhle.com/logos/nhl/svg/COL_light.svg,18,NSH,https://assets.nhle.com/logos/nhl/svg/NSH_light.svg,Nashville,Colorado,2,5,8474600,8477424,OFF,https://api-web.nhle.com/v1/gamecenter/2024020182/play-by-play,2024-11-03 00:00:00+00:00,12:00 am,2024-11-03
2024020183,20242025,2,59,UTA,https://assets.nhle.com/logos/nhl/svg/UTA_light.svg,54,VGK,https://assets.nhle.com/logos/nhl/svg/VGK_light.svg,Vegas,Utah,3,4,8479353,8478499,OFF,https://api-web.nhle.com/v1/gamecenter/2024020183/play-by-play,2024-11-03 02:00:00+00:00,2:00 am,2024-11-03
2024020184,20242025,2,23,VAN,https://assets.nhle.com/logos/nhl/svg/VAN_light.svg,28,SJS,https://assets.nhle.com/logos/nhl/svg/SJS_light.svg,San Jose,Vancouver,3,2,8480459,8480947,OFF,https://api-web.nhle.com/v1/gamecenter/2024020184/play-by-play,2024-11-03 02:00:00+00:00,2:00 am,2024-11-03
2024020185,20242025,2,2,NYI,https://assets.nhle.com/logos/nhl/svg/NYI_light.svg,3,NYR,https://assets.nhle.com/logos/nhl/svg/NYR_light.svg,New York,New York,2,5,8478550,8478048,OFF,https://api-web.nhle.com/v1/gamecenter/2024020185/play-by-play,2024-11-03 18:00:00+00:00,6:00 pm,2024-11-03
2024020186,20242025,2,14,TBL,https://assets.nhle.com/logos/nhl/svg/TBL_light.svg,52,WPG,https://assets.nhle.com/logos/nhl/svg/WPG_light.svg,Winnipeg,Tampa Bay,4,7,8480049,8476945,OFF,https://api-web.nhle.com/v1/gamecenter/2024020186/play-by-play,2024-11-03 20:00:00+00:00,8:00 pm,2024-11-03
2024020187,20242025,2,55,SEA,https://assets.nhle.com/logos/nhl/svg/SEA_light.svg,6,BOS,https://assets.nhle.com/logos/nhl/svg/BOS_light.svg,Boston,Seattle,0,2,8479638,8480280,OFF,https://api-web.nhle.com/v1/gamecenter/2024020187/play-by-play,2024-11-03 22:00:00+00:00,10:00 pm,2024-11-03
2024020188,20242025,2,15,WSH,https://assets.nhle.com/logos/nhl/svg/WSH_secondary_light.svg,12,CAR,https://assets.nhle.com/logos/nhl/svg/CAR_light.svg,Carolina,Washington,2,4,8475200,8481611,OFF,https://api-web.nhle.com/v1/gamecenter/2024020188/play-by-play,2024-11-03 22:00:00+00:00,10:00 pm,2024-11-03
2024020189,20242025,2,10,TOR,https://assets.nhle.com/logos/nhl/svg/TOR_light.svg,30,MIN,https://assets.nhle.com/logos/nhl/svg/MIN_light.svg,Minnesota,Toronto,1,2,8481557,8479406,OFF,https://api-web.nhle.com/v1/gamecenter/2024020189/play-by-play,2024-11-03 23:00:00+00:00,11:00 pm,2024-11-03
2024020190,20242025,2,22,EDM,https://assets.nhle.com/logos/nhl/svg/EDM_light.svg,20,CGY,https://assets.nhle.com/logos/nhl/svg/CGY_light.svg,Calgary,Edmonton,4,2,8475786,8479973,OFF,https://api-web.nhle.com/v1/gamecenter/2024020190/play-by-play,2024-11-04 01:00:00+00:00,1:00 am,2024-11-04
2024020191,20242025,2,16,CHI,https://assets.nhle.com/logos/nhl/svg/CHI_light.svg,24,ANA,https://assets.nhle.com/logos/nhl/svg/ANA_light.svg,Anaheim,Chicago,4,2,8477495,8482821,OFF,https://api-web.nhle.com/v1/gamecenter/2024020191/play-by-play,2024-11-04 01:00:00+00:00,1:00 am,2024-11-04
2024020192,20242025,2,26,LAK,https://assets.nhle.com/logos/nhl/svg/LAK_light.svg,18,NSH,https://assets.nhle.com/logos/nhl/svg/NSH_light.svg,Nashville,Los Angeles,3,0,8471685,8475311,OFF,https://api-web.nhle.com/v1/gamecenter/2024020192/play-by-play,2024-11-05 01:00:00+00:00,1:00 am,2024-11-05
2024020193,20242025,2,1,NJD,https://assets.nhle.com/logos/nhl/svg/NJD_light.svg,22,EDM,https://assets.nhle.com/logos/nhl/svg/EDM_light.svg,Edmonton,New Jersey,3,0,8476474,8474596,OFF,https://api-web.nhle.com/v1/gamecenter/2024020193/play-by-play,2024-11-05 01:30:00+00:00,1:30 am,2024-11-05
2024020194,20242025,2,9,OTT,https://assets.nhle.com/logos/nhl/svg/OTT_light.svg,7,BUF,https://assets.nhle.com/logos/nhl/svg/BUF_light.svg,Buffalo,Ottawa,1,5,8481524,8480045,OFF,https://api-web.nhle.com/v1/gamecenter/2024020194/play-by-play,2024-11-06 00:00:00+00:00,12:00 am,2024-11-06
2024020195,20242025,2,6,BOS,https://assets.nhle.com/logos/nhl/svg/BOS_light.svg,10,TOR,https://assets.nhle.com/logos/nhl/svg/TOR_light.svg,Toronto,Boston,0,4,8476853,8476932,OFF,https://api-web.nhle.com/v1/gamecenter/2024020195/play-by-play,2024-11-06 00:00:00+00:00,12:00 am,2024-11-06
2024020196,20242025,2,20,CGY,https://assets.nhle.com/logos/nhl/svg/CGY_light.svg,8,MTL,https://assets.nhle.com/logos/nhl/svg/MTL_light.svg,Montréal,Calgary,3,2,8482679,8481692,OFF,https://api-web.nhle.com/v1/gamecenter/2024020196/play-by-play,2024-11-06 00:00:00+00:00,12:00 am,2024-11-06
2024020197,20242025,2,4,PHI,https://assets.nhle.com/logos/nhl/svg/PHI_light.svg,12,CAR,https://assets.nhle.com/logos/nhl/svg/CAR_light.svg,Carolina,Philadelphia,4,6,8480039,8481611,OFF,https://api-web.nhle.com/v1/gamecenter/2024020197/play-by-play,2024-11-06 00:00:00+00:00,12:00 am,2024-11-06
2024020198,20242025,2,5,PIT,https://assets.nhle.com/logos/nhl/svg/PIT_light.svg,2,NYI,https://assets.nhle.com/logos/nhl/svg/NYI_light.svg,New York,Pittsburgh,3,4,,8478009,OFF,https://api-web.nhle.com/v1/gamecenter/2024020198/play-by-play,2024-11-06 00:30:00+00:00,12:30 am,2024-11-06
2024020199,20242025,2,14,TBL,https://assets.nhle.com/logos/nhl/svg/TBL_light.svg,19,STL,https://assets.nhle.com/logos/nhl/svg/STL_light.svg,St. Louis,Tampa Bay,2,3,8479385,8476412,OFF,https://api-web.nhle.com/v1/gamecenter/2024020199/play-by-play,2024-11-06 01:00:00+00:00,1:00 am,2024-11-06
2024020200,20242025,2,26,LAK,https://assets.nhle.com/logos/nhl/svg/LAK_light.svg,30,MIN,https://assets.nhle.com/logos/nhl/svg/MIN_light.svg,Minnesota,Los Angeles,5,1,8477942,8479496,OFF,https://api-web.nhle.com/v1/gamecenter/2024020200/play-by-play,2024-11-06 01:00:00+00:00,1:00 am,2024-11-06
2024020201,20242025,2,59,UTA,https://assets.nhle.com/logos/nhl/svg/UTA_light.svg,52,WPG,https://assets.nhle.com/logos/nhl/svg/WPG_light.svg,Winnipeg,Utah,0,3,8480014,8476945,OFF,https://api-web.nhle.com/v1/gamecenter/2024020201/play-by-play,2024-11-06 01:00:00+00:00,1:00 am,2024-11-06
2024020202,20242025,2,55,SEA,https://assets.nhle.com/logos/nhl/svg/SEA_light.svg,21,COL,https://assets.nhle.com/logos/nhl/svg/COL_light.svg,Colorado,Seattle,3,6,8478420,8481020,OFF,https://api-web.nhle.com/v1/gamecenter/2024020202/play-by-play,2024-11-06 02:00:00+00:00,2:00 am,2024-11-06
2024020203,20242025,2,23,VAN,https://assets.nhle.com/logos/nhl/svg/VAN_light.svg,24,ANA,https://assets.nhle.com/logos/nhl/svg/ANA_light.svg,Anaheim,Vancouver,5,1,8480748,8480947,OFF,https://api-web.nhle.com/v1/gamecenter/2024020203/play-by-play,2024-11-06 03:00:00+00:00,3:00 am,2024-11-06
2024020204,20242025,2,29,CBJ,https://assets.nhle.com/logos/nhl/svg/CBJ_light.svg,28,SJS,https://assets.nhle.com/logos/nhl/svg/SJS_light.svg,San Jose,Columbus,1,2,8477505,8477970,OFF,https://api-web.nhle.com/v1/gamecenter/2024020204/play-by-play,2024-11-06 03:30:00+00:00,3:30 am,2024-11-06
2024020205,20242025,2,18,NSH,https://assets.nhle.com/logos/nhl/svg/NSH_light.svg,15,WSH,https://assets.nhle.com/logos/nhl/svg/WSH_secondary_light.svg,Washington,Nashville,2,3,8471214,8480313,OFF,https://api-web.nhle.com/v1/gamecenter/2024020205/play-by-play,2024-11-07 00:00:00+00:00,12:00 am,2024-11-07
2024020206,20242025,2,17,DET,https://assets.nhle.com/logos/nhl/svg/DET_light.svg,16,CHI,https://assets.nhle.com/logos/nhl/svg/CHI_light.svg,Chicago,Detroit,4,1,8477946,8475660,OFF,https://api-web.nhle.com/v1/gamecenter/2024020206/play-by-play,2024-11-07 01:00:00+00:00,1:00 am,2024-11-07
2024020207,20242025,2,54,VGK,https://assets.nhle.com/logos/nhl/svg/VGK_light.svg,22,EDM,https://assets.nhle.com/logos/nhl/svg/EDM_light.svg,Edmonton,Vegas,4,2,8478396,8478499,OFF,https://api-web.nhle.com/v1/gamecenter/2024020207/play-by-play,2024-11-07 01:30:00+00:00,1:30 am,2024-11-07
2024020208,20242025,2,20,CGY,https://assets.nhle.com/logos/nhl/svg/CGY_light.svg,6,BOS,https://assets.nhle.com/logos/nhl/svg/BOS_light.svg,Boston,Calgary,,,,,FUT,https://api-web.nhle.com/v1/gamecenter/2024020208/play-by-play,2024-11-08 00:00:00+00:00,12:00 am,2024-11-08
2024020209,20242025,2,2,NYI,https://assets.nhle.com/logos/nhl/svg/NYI_light.svg,9,OTT,https://assets.nhle.com/logos/nhl/svg/OTT_light.svg,Ottawa,New York,,,,,FUT,https://api-web.nhle.com/v1/gamecenter/2024020209/play-by-play,2024-11-08 00:00:00+00:00,12:00 am,2024-11-08
2024020210,20242025,2,4,PHI,https://assets.nhle.com/logos/nhl/svg/PHI_light.svg,14,TBL,https://assets.nhle.com/logos/nhl/svg/TBL_light.svg,Tampa Bay,Philadelphia,,,,,FUT,https://api-web.nhle.com/v1/gamecenter/2024020210/play-by-play,2024-11-08 00:30:00+00:00,12:30 am,2024-11-08
2024020211,20242025,2,18,NSH,https://assets.nhle.com/logos/nhl/svg/NSH_light.svg,13,FLA,https://assets.nhle.com/logos/nhl/svg/FLA_light.svg,Florida,Nashville,,,,,FUT,https://api-web.nhle.com/v1/gamecenter/2024020211/play-by-play,2024-11-08 00:00:00+00:00,12:00 am,2024-11-08
2024020212,20242025,2,8,MTL,https://assets.nhle.com/logos/nhl/svg/MTL_light.svg,1,NJD,https://assets.nhle.com/logos/nhl/svg/NJD_light.svg,New Jersey,Montréal,,,,,FUT,https://api-web.nhle.com/v1/gamecenter/2024020212/play-by-play,2024-11-08 00:00:00+00:00,12:00 am,2024-11-08
2024020213,20242025,2,7,BUF,https://assets.nhle.com/logos/nhl/svg/BUF_light.svg,3,NYR,https://assets.nhle.com/logos/nhl/svg/NYR_light.svg,New York,Buffalo,,,,,FUT,https://api-web.nhle.com/v1/gamecenter/2024020213/play-by-play,2024-11-08 00:00:00+00:00,12:00 am,2024-11-08
2024020214,20242025,2,5,PIT,https://assets.nhle.com/logos/nhl/svg/PIT_light.svg,12,CAR,https://assets.nhle.com/logos/nhl/svg/CAR_light.svg,Carolina,Pittsburgh,,,,,FUT,https://api-web.nhle.com/v1/gamecenter/2024020214/play-by-play,2024-11-08 00:00:00+00:00,12:00 am,2024-11-08
2024020215,20242025,2,59,UTA,https://assets.nhle.com/logos/nhl/svg/UTA_light.svg,19,STL,https://assets.nhle.com/logos/nhl/svg/STL_light.svg,St. Louis,Utah,,,,,FUT,https://api-web.nhle.com/v1/gamecenter/2024020215/play-by-play,2024-11-08 01:00:00+00:00,1:00 am,2024-11-08
2024020216,20242025,2,16,CHI,https://assets.nhle.com/logos/nhl/svg/CHI_light.svg,25,DAL,https://assets.nhle.com/logos/nhl/svg/DAL_light.svg,Dallas,Chicago,,,,,FUT,https://api-web.nhle.com/v1/gamecenter/2024020216/play-by-play,2024-11-08 01:00:00+00:00,1:00 am,2024-11-08
2024020217,20242025,2,21,COL,https://assets.nhle.com/logos/nhl/svg/COL_light.svg,52,WPG,https://assets.nhle.com/logos/nhl/svg/WPG_light.svg,Winnipeg,Colorado,,,,,FUT,https://api-web.nhle.com/v1/gamecenter/2024020217/play-by-play,2024-11-08 01:00:00+00:00,1:00 am,2024-11-08
2024020218,20242025,2,23,VAN,https://assets.nhle.com/logos/nhl/svg/VAN_light.svg,26,LAK,https://assets.nhle.com/logos/nhl/svg/LAK_light.svg,Los Angeles,Vancouver,,,,,FUT,https://api-web.nhle.com/v1/gamecenter/2024020218/play-by-play,2024-11-08 03:30:00+00:00,3:30 am,2024-11-08
2024020219,20242025,2,30,MIN,https://assets.nhle.com/logos/nhl/svg/MIN_light.svg,28,SJS,https://assets.nhle.com/logos/nhl/svg/SJS_light.svg,San Jose,Minnesota,,,,,FUT,https://api-web.nhle.com/v1/gamecenter/2024020219/play-by-play,2024-11-08 03:30:00+00:00,3:30 am,2024-11-08
2024020220,20242025,2,17,DET,https://assets.nhle.com/logos/nhl/svg/DET_light.svg,10,TOR,https://assets.nhle.com/logos/nhl/svg/TOR_light.svg,Toronto,Detroit,,,,,FUT,https://api-web.nhle.com/v1/gamecenter/2024020220/play-by-play,2024-11-09 00:00:00+00:00,12:00 am,2024-11-09
2024020221,20242025,2,5,PIT,https://assets.nhle.com/logos/nhl/svg/PIT_light.svg,15,WSH,https://assets.nhle.com/logos/nhl/svg/WSH_secondary_light.svg,Washington,Pittsburgh,,,,,FUT,https://api-web.nhle.com/v1/gamecenter/2024020221/play-by-play,2024-11-09 00:30:00+00:00,12:30 am,2024-11-09
2024020222,20242025,2,30,MIN,https://assets.nhle.com/logos/nhl/svg/MIN_light.svg,24,ANA,https://assets.nhle.com/logos/nhl/svg/ANA_light.svg,Anaheim,Minnesota,,,,,FUT,https://api-web.nhle.com/v1/gamecenter/2024020222/play-by-play,2024-11-09 03:00:00+00:00,3:00 am,2024-11-09
2024020223,20242025,2,54,VGK,https://assets.nhle.com/logos/nhl/svg/VGK_light.svg,55,SEA,https://assets.nhle.com/logos/nhl/svg/SEA_light.svg,Seattle,Vegas,,,,,FUT,https://api-web.nhle.com/v1/gamecenter/2024020223/play-by-play,2024-11-09 03:00:00+00:00,3:00 am,2024-11-09
2024020224,20242025,2,20,CGY,https://assets.nhle.com/logos/nhl/svg/CGY_light.svg,7,BUF,https://assets.nhle.com/logos/nhl/svg/BUF_light.svg,Buffalo,Calgary,,,,,FUT,https://api-web.nhle.com/v1/gamecenter/2024020224/play-by-play,2024-11-09 18:00:00+00:00,6:00 pm,2024-11-09
2024020225,20242025,2,4,PHI,https://assets.nhle.com/logos/nhl/svg/PHI_light.svg,13,FLA,https://assets.nhle.com/logos/nhl/svg/FLA_light.svg,Florida,Philadelphia,,,,,FUT,https://api-web.nhle.com/v1/gamecenter/2024020225/play-by-play,2024-11-09 23:00:00+00:00,11:00 pm,2024-11-09
2024020226,20242025,2,9,OTT,https://assets.nhle.com/logos/nhl/svg/OTT_light.svg,6,BOS,https://assets.nhle.com/logos/nhl/svg/BOS_light.svg,Boston,Ottawa,,,,,FUT,https://api-web.nhle.com/v1/gamecenter/2024020226/play-by-play,2024-11-10 00:00:00+00:00,12:00 am,2024-11-10
2024020227,20242025,2,8,MTL,https://assets.nhle.com/logos/nhl/svg/MTL_light.svg,10,TOR,https://assets.nhle.com/logos/nhl/svg/TOR_light.svg,Toronto,Montréal,,,,,FUT,https://api-web.nhle.com/v1/gamecenter/2024020227/play-by-play,2024-11-10 00:00:00+00:00,12:00 am,2024-11-10
2024020228,20242025,2,3,NYR,https://assets.nhle.com/logos/nhl/svg/NYR_light.svg,17,DET,https://assets.nhle.com/logos/nhl/svg/DET_light.svg,Detroit,New York,,,,,FUT,https://api-web.nhle.com/v1/gamecenter/2024020228/play-by-play,2024-11-10 00:00:00+00:00,12:00 am,2024-11-10
2024020229,20242025,2,15,WSH,https://assets.nhle.com/logos/nhl/svg/WSH_secondary_light.svg,19,STL,https://assets.nhle.com/logos/nhl/svg/STL_light.svg,St. Louis,Washington,,,,,FUT,https://api-web.nhle.com/v1/gamecenter/2024020229/play-by-play,2024-11-10 00:00:00+00:00,12:00 am,2024-11-10
2024020230,20242025,2,25,DAL,https://assets.nhle.com/logos/nhl/svg/DAL_light.svg,52,WPG,https://assets.nhle.com/logos/nhl/svg/WPG_light.svg,Winnipeg,Dallas,,,,,FUT,https://api-web.nhle.com/v1/gamecenter/2024020230/play-by-play,2024-11-09 20:00:00+00:00,8:00 pm,2024-11-09
2024020231,20242025,2,1,NJD,https://assets.nhle.com/logos/nhl/svg/NJD_light.svg,2,NYI,https://assets.nhle.com/logos/nhl/svg/NYI_light.svg,New York,New Jersey,,,,,FUT,https://api-web.nhle.com/v1/gamecenter/2024020231/play-by-play,2024-11-10 00:30:00+00:00,12:30 am,2024-11-10
2024020232,20242025,2,59,UTA,https://assets.nhle.com/logos/nhl/svg/UTA_light.svg,18,NSH,https://assets.nhle.com/logos/nhl/svg/NSH_light.svg,Nashville,Utah,,,,,FUT,https://api-web.nhle.com/v1/gamecenter/2024020232/play-by-play,2024-11-10 01:00:00+00:00,1:00 am,2024-11-10
2024020233,20242025,2,12,CAR,https://assets.nhle.com/logos/nhl/svg/CAR_light.svg,21,COL,https://assets.nhle.com/logos/nhl/svg/COL_light.svg,Colorado,Carolina,,,,,FUT,https://api-web.nhle.com/v1/gamecenter/2024020233/play-by-play,2024-11-10 02:00:00+00:00,2:00 am,2024-11-10
2024020234,20242025,2,29,CBJ,https://assets.nhle.com/logos/nhl/svg/CBJ_light.svg,26,LAK,https://assets.nhle.com/logos/nhl/svg/LAK_light.svg,Los Angeles,Columbus,,,,,FUT,https://api-web.nhle.com/v1/gamecenter/2024020234/play-by-play,2024-11-10 02:00:00+00:00,2:00 am,2024-11-10
2024020235,20242025,2,22,EDM,https://assets.nhle.com/logos/nhl/svg/EDM_light.svg,23,VAN,https://assets.nhle.com/logos/nhl/svg/VAN_light.svg,Vancouver,Edmonton,,,,,FUT,https://api-web.nhle.com/v1/gamecenter/2024020235/play-by-play,2024-11-10 03:00:00+00:00,3:00 am,2024-11-10
