jersey_number,player_id,player_name,position,team_name,eventIdx,period,x,y
18,8478421,A.J. Greer,Left Wing,Calgary Flames,203,2,78.0,5.0
11,8484166,Adam Fantilli,Center,Columbus Blue Jackets,234,3,52.0,26.0
11,8484166,Adam Fantilli,Center,Columbus Blue Jackets,288,3,63.0,-9.0
23,8479323,Adam Fox,Defenseman,New York Rangers,115,2,73.0,26.0
23,8479323,Adam Fox,Defenseman,New York Rangers,175,2,85.0,13.0
23,8479323,Adam Fox,Defenseman,New York Rangers,236,3,84.0,6.0
14,8474641,Adam Henrique,Center,Anaheim Ducks,148,2,-86.0,-3.0
17,8476392,Adam Lowry,Center,Winnipeg Jets,20,1,74.0,6.0
17,8476392,Adam Lowry,Center,Winnipeg Jets,105,2,-87.0,4.0
63,8480008,Adam Ruzicka,Center,Calgary Flames,39,1,53.0,5.0
63,8480008,Adam Ruzicka,Center,Calgary Flames,230,3,-78.0,-24.0
9,8477960,Adrian Kempe,Right Wing,Los Angeles Kings,70,1,78.0,0.0
9,8477960,Adrian Kempe,Right Wing,Los Angeles Kings,255,3,86.0,-3.0
9,8477960,Adrian Kempe,Right Wing,Los Angeles Kings,290,3,-40.0,1.0
9,8477960,Adrian Kempe,Right Wing,Los Angeles Kings,308,3,-36.0,-19.0
23,8474166,Alec Martinez,Defenseman,Vegas Golden Knights,167,2,-61.0,7.0
16,8477493,Aleksander Barkov,Center,Florida Panthers,49,1,-69.0,-16.0
16,8477493,Aleksander Barkov,Center,Florida Panthers,70,1,-87.0,3.0
12,8479718,Alex Barré-Boulet,Center,Tampa Bay Lightning,55,1,75.0,3.0
12,8479718,Alex Barré-Boulet,Center,Tampa Bay Lightning,123,2,-78.0,9.0
12,8479718,Alex Barré-Boulet,Center,Tampa Bay Lightning,164,2,-81.0,-4.0
93,8479337,Alex DeBrincat,Right Wing,Detroit Red Wings,8,1,-82.0,5.0
93,8479337,Alex DeBrincat,Right Wing,Detroit Red Wings,65,1,-82.0,8.0
93,8479337,Alex DeBrincat,Right Wing,Detroit Red Wings,81,1,-34.0,-2.0
93,8479337,Alex DeBrincat,Right Wing,Detroit Red Wings,146,2,71.0,14.0
93,8479337,Alex DeBrincat,Right Wing,Detroit Red Wings,205,3,-61.0,-14.0
93,8479337,Alex DeBrincat,Right Wing,Detroit Red Wings,224,3,-68.0,-8.0
93,8479337,Alex DeBrincat,Right Wing,Detroit Red Wings,273,3,-61.0,-21.0
93,8479337,Alex DeBrincat,Right Wing,Detroit Red Wings,281,3,-17.0,27.0
93,8479337,Alex DeBrincat,Right Wing,Detroit Red Wings,291,3,-63.0,-13.0
9,8480113,Alex Iafallo,Left Wing,Winnipeg Jets,10,1,-79.0,5.0
9,8480113,Alex Iafallo,Left Wing,Winnipeg Jets,194,2,-76.0,5.0
9,8480113,Alex Iafallo,Left Wing,Winnipeg Jets,221,3,81.0,2.0
9,8480113,Alex Iafallo,Left Wing,Winnipeg Jets,255,3,-76.0,-8.0
78,8482155,Alex Laferriere,Right Wing,Los Angeles Kings,70,1,-78.0,1.0
78,8482155,Alex Laferriere,Right Wing,Los Angeles Kings,147,2,70.0,-5.0
15,8481618,Alex Newhook,Center,Montréal Canadiens,110,2,-85.0,-9.0
15,8481618,Alex Newhook,Center,Montréal Canadiens,243,3,71.0,-1.0
15,8481618,Alex Newhook,Center,Montréal Canadiens,293,3,-82.0,12.0
8,8471214,Alex Ovechkin,Left Wing,Washington Capitals,173,2,85.0,-7.0
8,8471214,Alex Ovechkin,Left Wing,Washington Capitals,275,3,-40.0,-18.0
89,8477949,Alex Tuch,Right Wing,Buffalo Sabres,178,2,68.0,5.0
89,8477949,Alex Tuch,Right Wing,Buffalo Sabres,297,3,79.0,-3.0
89,8477949,Alex Tuch,Right Wing,Buffalo Sabres,323,3,66.0,-8.0
10,8482125,Alexander Holtz,Right Wing,New Jersey Devils,17,1,66.0,7.0
10,8482125,Alexander Holtz,Right Wing,New Jersey Devils,29,1,76.0,2.0
10,8482125,Alexander Holtz,Right Wing,New Jersey Devils,82,1,75.0,2.0
13,8480281,Alexey Toropchenko,Right Wing,St. Louis Blues,232,3,75.0,3.0
13,8482109,Alexis Lafrenière,Left Wing,New York Rangers,24,1,-82.0,-7.0
13,8482109,Alexis Lafrenière,Left Wing,New York Rangers,120,2,-79.0,0.0
13,8482109,Alexis Lafrenière,Left Wing,New York Rangers,180,2,-79.0,5.0
13,8482109,Alexis Lafrenière,Left Wing,New York Rangers,190,2,68.0,-21.0
27,8475314,Anders Lee,Left Wing,New York Islanders,232,3,60.0,6.0
5,8477971,Andreas Englund,Defenseman,Los Angeles Kings,28,1,81.0,-5.0
96,8483808,Andrei Kuzmenko,Left Wing,Vancouver Canucks,61,1,-73.0,3.0
96,8483808,Andrei Kuzmenko,Left Wing,Vancouver Canucks,150,2,76.0,-11.0
96,8483808,Andrei Kuzmenko,Left Wing,Vancouver Canucks,277,3,81.0,-19.0
18,8477429,Andrew Copp,Center,Detroit Red Wings,139,2,81.0,-3.0
18,8477429,Andrew Copp,Center,Detroit Red Wings,156,2,82.0,-8.0
18,8477429,Andrew Copp,Center,Detroit Red Wings,273,3,-82.0,13.0
18,8477429,Andrew Copp,Center,Detroit Red Wings,275,3,-64.0,-29.0
88,8478233,Andrew Mangiapane,Left Wing,Calgary Flames,84,1,-74.0,7.0
88,8478233,Andrew Mangiapane,Left Wing,Calgary Flames,121,2,66.0,-2.0
88,8478233,Andrew Mangiapane,Left Wing,Calgary Flames,141,2,-83.0,-2.0
88,8478233,Andrew Mangiapane,Left Wing,Calgary Flames,344,3,-65.0,7.0
72,8478463,Anthony Beauvillier,Left Wing,Vancouver Canucks,206,3,-73.0,12.0
72,8478463,Anthony Beauvillier,Left Wing,Vancouver Canucks,240,3,-69.0,-8.0
71,8478519,Anthony Cirelli,Center,Tampa Bay Lightning,125,2,81.0,5.0
10,8477407,Anthony Duclair,Left Wing,San Jose Sharks,158,2,-69.0,9.0
10,8477407,Anthony Duclair,Left Wing,San Jose Sharks,251,3,87.0,10.0
39,8477511,Anthony Mantha,Right Wing,Washington Capitals,42,1,-76.0,15.0
15,8482113,Anton Lundell,Center,Florida Panthers,276,3,72.0,-36.0
11,8471685,Anze Kopitar,Center,Los Angeles Kings,49,1,-78.0,12.0
11,8471685,Anze Kopitar,Center,Los Angeles Kings,73,1,71.0,-9.0
11,8471685,Anze Kopitar,Center,Los Angeles Kings,133,2,80.0,4.0
11,8471685,Anze Kopitar,Center,Los Angeles Kings,179,2,85.0,4.0
11,8471685,Anze Kopitar,Center,Los Angeles Kings,260,3,-55.0,25.0
11,8471685,Anze Kopitar,Center,Los Angeles Kings,292,3,-86.0,-3.0
2,8482245,Artem Zub,Defenseman,Ottawa Senators,140,2,-32.0,-5.0
10,8478550,Artemi Panarin,Left Wing,New York Rangers,25,1,56.0,-29.0
10,8478550,Artemi Panarin,Left Wing,New York Rangers,42,1,50.0,-10.0
10,8478550,Artemi Panarin,Left Wing,New York Rangers,62,1,78.0,-14.0
10,8478550,Artemi Panarin,Left Wing,New York Rangers,92,1,81.0,3.0
10,8478550,Artemi Panarin,Left Wing,New York Rangers,155,2,60.0,-1.0
10,8478550,Artemi Panarin,Left Wing,New York Rangers,215,3,71.0,0.0
10,8478550,Artemi Panarin,Left Wing,New York Rangers,286,5,82.0,5.0
34,8481560,Arthur Kaliyev,Right Wing,Los Angeles Kings,143,2,-76.0,9.0
34,8481560,Arthur Kaliyev,Right Wing,Los Angeles Kings,182,2,-72.0,11.0
34,8481560,Arthur Kaliyev,Right Wing,Los Angeles Kings,229,3,81.0,1.0
62,8477476,Artturi Lehkonen,Left Wing,Colorado Avalanche,128,2,70.0,-9.0
62,8477476,Artturi Lehkonen,Left Wing,Colorado Avalanche,173,2,81.0,0.0
62,8477476,Artturi Lehkonen,Left Wing,Colorado Avalanche,223,3,-83.0,-4.0
34,8479318,Auston Matthews,Center,Toronto Maple Leafs,81,1,-67.0,-1.0
34,8479318,Auston Matthews,Center,Toronto Maple Leafs,99,1,-81.0,29.0
34,8479318,Auston Matthews,Center,Toronto Maple Leafs,149,2,-69.0,-18.0
34,8479318,Auston Matthews,Center,Toronto Maple Leafs,179,2,77.0,-16.0
34,8479318,Auston Matthews,Center,Toronto Maple Leafs,179,2,64.0,18.0
34,8479318,Auston Matthews,Center,Toronto Maple Leafs,182,2,67.0,4.0
34,8479318,Auston Matthews,Center,Toronto Maple Leafs,229,3,-78.0,8.0
34,8479318,Auston Matthews,Center,Toronto Maple Leafs,262,3,-79.0,-8.0
34,8479318,Auston Matthews,Center,Toronto Maple Leafs,303,3,-84.0,18.0
34,8479318,Auston Matthews,Center,Toronto Maple Leafs,311,3,-85.0,-4.0
34,8479318,Auston Matthews,Center,Toronto Maple Leafs,318,3,-81.0,8.0
8,8475279,Ben Chiarot,Defenseman,Detroit Red Wings,107,2,68.0,27.0
20,8476399,Blake Coleman,Center,Calgary Flames,9,1,-75.0,4.0
20,8476399,Blake Coleman,Center,Calgary Flames,214,3,-73.0,19.0
46,8481481,Blake Lizotte,Center,Los Angeles Kings,134,2,81.0,-1.0
46,8481481,Blake Lizotte,Center,Los Angeles Kings,230,3,54.0,14.0
46,8481481,Blake Lizotte,Center,Los Angeles Kings,297,3,-70.0,28.0
14,8477500,Bo Horvat,Center,New York Islanders,20,1,70.0,2.0
14,8477500,Bo Horvat,Center,New York Islanders,155,2,-89.0,22.0
14,8477500,Bo Horvat,Center,New York Islanders,294,3,87.0,8.0
14,8477500,Bo Horvat,Center,New York Islanders,298,3,57.0,6.0
10,8481553,Bobby Brink,Right Wing,Philadelphia Flyers,138,2,79.0,7.0
10,8481553,Bobby Brink,Right Wing,Philadelphia Flyers,227,3,-67.0,4.0
10,8481553,Bobby Brink,Right Wing,Philadelphia Flyers,249,3,-87.0,3.0
38,8476432,Boone Jenner,Center,Columbus Blue Jackets,41,1,83.0,-4.0
38,8476432,Boone Jenner,Center,Columbus Blue Jackets,84,1,80.0,1.0
38,8476432,Boone Jenner,Center,Columbus Blue Jackets,163,2,-80.0,3.0
38,8476432,Boone Jenner,Center,Columbus Blue Jackets,245,3,78.0,1.0
38,8476432,Boone Jenner,Center,Columbus Blue Jackets,252,3,75.0,-1.0
4,8481524,Bowen Byram,Defenseman,Colorado Avalanche,204,2,49.0,4.0
4,8481524,Bowen Byram,Defenseman,Colorado Avalanche,263,3,-71.0,6.0
63,8473419,Brad Marchand,Left Wing,Boston Bruins,107,1,-64.0,-23.0
63,8473419,Brad Marchand,Left Wing,Boston Bruins,141,2,-81.0,1.0
63,8473419,Brad Marchand,Left Wing,Boston Bruins,199,2,-62.0,2.0
63,8473419,Brad Marchand,Left Wing,Boston Bruins,276,3,-49.0,-4.0
63,8473419,Brad Marchand,Left Wing,Boston Bruins,325,3,80.0,-7.0
4,8482073,Braden Schneider,Defenseman,New York Rangers,162,2,49.0,-8.0
76,8476869,Brady Skjei,Defenseman,Carolina Hurricanes,294,3,-48.0,-36.0
7,8480801,Brady Tkachuk,Left Wing,Ottawa Senators,68,1,-73.0,-18.0
7,8480801,Brady Tkachuk,Left Wing,Ottawa Senators,74,1,85.0,-2.0
7,8480801,Brady Tkachuk,Left Wing,Ottawa Senators,158,2,-71.0,8.0
7,8480801,Brady Tkachuk,Left Wing,Ottawa Senators,208,2,-55.0,-21.0
7,8480801,Brady Tkachuk,Left Wing,Ottawa Senators,225,3,86.0,4.0
7,8480801,Brady Tkachuk,Left Wing,Ottawa Senators,267,3,80.0,1.0
7,8480801,Brady Tkachuk,Left Wing,Ottawa Senators,285,3,-81.0,-6.0
7,8480801,Brady Tkachuk,Left Wing,Ottawa Senators,301,3,68.0,-20.0
15,8482061,Brandon Biro,Left Wing,Buffalo Sabres,57,1,85.0,3.0
15,8482061,Brandon Biro,Left Wing,Buffalo Sabres,288,3,70.0,-2.0
21,8479520,Brandon Duhaime,Right Wing,Minnesota Wild,46,1,71.0,17.0
21,8479520,Brandon Duhaime,Right Wing,Minnesota Wild,345,3,69.0,1.0
38,8479542,Brandon Hagel,Left Wing,Tampa Bay Lightning,70,1,67.0,4.0
38,8479542,Brandon Hagel,Left Wing,Tampa Bay Lightning,130,2,-72.0,1.0
38,8479542,Brandon Hagel,Left Wing,Tampa Bay Lightning,163,2,79.0,-1.0
38,8479542,Brandon Hagel,Left Wing,Tampa Bay Lightning,228,3,71.0,7.0
38,8479542,Brandon Hagel,Left Wing,Tampa Bay Lightning,262,3,82.0,-18.0
38,8479542,Brandon Hagel,Left Wing,Tampa Bay Lightning,275,3,-81.0,3.0
20,8476438,Brandon Saad,Left Wing,St. Louis Blues,55,1,70.0,5.0
20,8476438,Brandon Saad,Left Wing,St. Louis Blues,181,2,-75.0,11.0
20,8476438,Brandon Saad,Left Wing,St. Louis Blues,264,3,67.0,17.0
94,8481167,Brayden Pachal,Defenseman,Vegas Golden Knights,216,3,-64.0,14.0
21,8478010,Brayden Point,Center,Tampa Bay Lightning,17,1,70.0,-7.0
21,8478010,Brayden Point,Center,Tampa Bay Lightning,84,1,67.0,3.0
21,8478010,Brayden Point,Center,Tampa Bay Lightning,119,2,76.0,-14.0
21,8478010,Brayden Point,Center,Tampa Bay Lightning,223,2,84.0,-3.0
21,8478010,Brayden Point,Center,Tampa Bay Lightning,286,3,-83.0,3.0
10,8475170,Brayden Schenn,Center,St. Louis Blues,244,3,81.0,10.0
10,8475170,Brayden Schenn,Center,St. Louis Blues,340,5,73.0,2.0
11,8475848,Brendan Gallagher,Right Wing,Montréal Canadiens,145,2,84.0,1.0
11,8475848,Brendan Gallagher,Right Wing,Montréal Canadiens,189,2,67.0,-10.0
11,8475848,Brendan Gallagher,Right Wing,Montréal Canadiens,219,3,-78.0,-1.0
11,8475848,Brendan Gallagher,Right Wing,Montréal Canadiens,249,3,-70.0,-3.0
28,8477962,Brendan Lemieux,Left Wing,Carolina Hurricanes,125,2,-67.0,-20.0
5,8475455,Brenden Dillon,Defenseman,Winnipeg Jets,126,2,78.0,9.0
5,8475455,Brenden Dillon,Defenseman,Winnipeg Jets,182,3,-57.0,-23.0
8,8470613,Brent Burns,Defenseman,Carolina Hurricanes,23,1,54.0,-17.0
8,8470613,Brent Burns,Defenseman,Carolina Hurricanes,141,2,-59.0,22.0
21,8479353,Brett Howden,Center,Vegas Golden Knights,107,2,-85.0,-2.0
27,8476967,Brett Kulak,Defenseman,Edmonton Oilers,33,1,73.0,-14.0
20,8481517,Brett Leason,Right Wing,Anaheim Ducks,210,3,84.0,-7.0
20,8481517,Brett Leason,Right Wing,Anaheim Ducks,263,3,-68.0,-16.0
22,8477488,Brett Pesce,Defenseman,Carolina Hurricanes,289,3,-51.0,-39.0
8,8475208,Brian Dumoulin,Defenseman,Seattle Kraken,57,1,-72.0,-20.0
8,8475208,Brian Dumoulin,Defenseman,Seattle Kraken,181,2,-50.0,-29.0
6,8478444,Brock Boeser,Right Wing,Vancouver Canucks,17,1,-56.0,-23.0
6,8478444,Brock Boeser,Right Wing,Vancouver Canucks,53,1,-66.0,-14.0
6,8478444,Brock Boeser,Right Wing,Vancouver Canucks,90,1,-84.0,5.0
6,8478444,Brock Boeser,Right Wing,Vancouver Canucks,102,2,74.0,-7.0
6,8478444,Brock Boeser,Right Wing,Vancouver Canucks,117,2,88.0,3.0
6,8478444,Brock Boeser,Right Wing,Vancouver Canucks,140,2,72.0,-12.0
6,8478444,Brock Boeser,Right Wing,Vancouver Canucks,229,3,-85.0,5.0
6,8478444,Brock Boeser,Right Wing,Vancouver Canucks,289,3,-67.0,3.0
7,8482122,Brock Faber,Defenseman,Minnesota Wild,45,1,-32.0,16.0
29,8475754,Brock Nelson,Center,New York Islanders,40,1,73.0,12.0
29,8475754,Brock Nelson,Center,New York Islanders,64,1,66.0,20.0
29,8475754,Brock Nelson,Center,New York Islanders,120,2,-67.0,-4.0
29,8475754,Brock Nelson,Center,New York Islanders,147,2,-74.0,-16.0
29,8475754,Brock Nelson,Center,New York Islanders,238,3,75.0,4.0
17,8475810,Bryan Rust,Right Wing,Pittsburgh Penguins,46,1,83.0,-9.0
17,8475810,Bryan Rust,Right Wing,Pittsburgh Penguins,103,1,79.0,-3.0
17,8475810,Bryan Rust,Right Wing,Pittsburgh Penguins,205,3,91.0,-6.0
17,8475810,Bryan Rust,Right Wing,Pittsburgh Penguins,215,3,-79.0,2.0
17,8475810,Bryan Rust,Right Wing,Pittsburgh Penguins,261,3,83.0,7.0
17,8475810,Bryan Rust,Right Wing,Pittsburgh Penguins,307,3,1.0,-40.0
15,8473504,Cal Clutterbuck,Right Wing,New York Islanders,56,1,78.0,4.0
15,8473504,Cal Clutterbuck,Right Wing,New York Islanders,81,1,74.0,4.0
8,8480069,Cale Makar,Defenseman,Colorado Avalanche,65,1,-70.0,-10.0
8,8480069,Cale Makar,Defenseman,Colorado Avalanche,136,2,-49.0,12.0
8,8480069,Cale Makar,Defenseman,Colorado Avalanche,342,3,-44.0,1.0
19,8475714,Calle Jarnkrok,Center,Toronto Maple Leafs,307,3,-85.0,2.0
89,8474715,Cam Atkinson,Right Wing,Philadelphia Flyers,84,1,-81.0,6.0
89,8474715,Cam Atkinson,Right Wing,Philadelphia Flyers,129,2,83.0,-1.0
89,8474715,Cam Atkinson,Right Wing,Philadelphia Flyers,159,2,79.0,-3.0
89,8474715,Cam Atkinson,Right Wing,Philadelphia Flyers,227,3,-88.0,-2.0
89,8474715,Cam Atkinson,Right Wing,Philadelphia Flyers,293,3,-86.0,0.0
4,8475764,Cam Fowler,Defenseman,Anaheim Ducks,281,3,-53.0,12.0
8,8481546,Cam York,Defenseman,Philadelphia Flyers,190,2,71.0,20.0
91,8479336,Carl Grundstrom,Right Wing,Los Angeles Kings,14,1,57.0,-11.0
91,8479336,Carl Grundstrom,Right Wing,Los Angeles Kings,157,2,75.0,-12.0
91,8479336,Carl Grundstrom,Right Wing,Los Angeles Kings,168,2,81.0,7.0
91,8479336,Carl Grundstrom,Right Wing,Los Angeles Kings,335,3,-79.0,7.0
7,8477369,Carson Soucy,Defenseman,Vancouver Canucks,154,2,-57.0,0.0
7,8477369,Carson Soucy,Defenseman,Vancouver Canucks,257,3,-42.0,-9.0
23,8477409,Carter Verhaeghe,Center,Florida Panthers,70,1,-80.0,7.0
23,8477409,Carter Verhaeghe,Center,Florida Panthers,140,2,78.0,-9.0
23,8477409,Carter Verhaeghe,Center,Florida Panthers,304,3,81.0,7.0
53,8475231,Casey Cizikas,Center,New York Islanders,221,2,-83.0,0.0
53,8475231,Casey Cizikas,Center,New York Islanders,308,3,80.0,3.0
37,8479999,Casey Mittelstadt,Center,Buffalo Sabres,24,1,68.0,1.0
37,8479999,Casey Mittelstadt,Center,Buffalo Sabres,101,2,-72.0,-18.0
37,8479999,Casey Mittelstadt,Center,Buffalo Sabres,248,3,-80.0,-4.0
20,8476905,Chandler Stephenson,Center,Vegas Golden Knights,33,1,-83.0,8.0
20,8476905,Chandler Stephenson,Center,Vegas Golden Knights,190,2,76.0,-7.0
13,8475745,Charlie Coyle,Center,Boston Bruins,109,2,-80.0,1.0
13,8475745,Charlie Coyle,Center,Boston Bruins,181,2,-84.0,7.0
13,8475745,Charlie Coyle,Center,Boston Bruins,359,5,63.0,3.0
73,8479325,Charlie McAvoy,Defenseman,Boston Bruins,88,1,80.0,-2.0
73,8479325,Charlie McAvoy,Defenseman,Boston Bruins,256,3,83.0,-6.0
20,8475184,Chris Kreider,Left Wing,New York Rangers,21,1,-81.0,-4.0
20,8475184,Chris Kreider,Left Wing,New York Rangers,68,1,-83.0,9.0
20,8475184,Chris Kreider,Left Wing,New York Rangers,79,1,-78.0,-16.0
20,8475184,Chris Kreider,Left Wing,New York Rangers,148,2,-84.0,8.0
20,8475184,Chris Kreider,Left Wing,New York Rangers,218,3,78.0,1.0
20,8475184,Chris Kreider,Left Wing,New York Rangers,255,3,-80.0,0.0
20,8475184,Chris Kreider,Left Wing,New York Rangers,255,3,80.0,1.0
20,8475184,Chris Kreider,Left Wing,New York Rangers,302,3,-81.0,6.0
28,8473512,Claude Giroux,Right Wing,Ottawa Senators,177,2,49.0,13.0
28,8473512,Claude Giroux,Right Wing,Ottawa Senators,181,2,-86.0,6.0
28,8473512,Claude Giroux,Right Wing,Ottawa Senators,245,3,46.0,5.0
9,8479343,Clayton Keller,Right Wing,Arizona Coyotes,121,2,-59.0,25.0
9,8479343,Clayton Keller,Right Wing,Arizona Coyotes,147,2,83.0,-1.0
9,8479343,Clayton Keller,Right Wing,Arizona Coyotes,177,2,-59.0,22.0
9,8479343,Clayton Keller,Right Wing,Arizona Coyotes,183,2,-69.0,24.0
22,8481540,Cole Caufield,Right Wing,Montréal Canadiens,130,2,85.0,5.0
22,8481540,Cole Caufield,Right Wing,Montréal Canadiens,234,3,48.0,0.0
22,8481540,Cole Caufield,Right Wing,Montréal Canadiens,310,4,67.0,20.0
22,8481540,Cole Caufield,Right Wing,Montréal Canadiens,332,4,86.0,8.0
91,8482149,Cole Perfetti,Center,Winnipeg Jets,171,2,84.0,0.0
36,8482062,Cole Smith,Left Wing,Nashville Predators,54,1,84.0,2.0
36,8482062,Cole Smith,Left Wing,Nashville Predators,71,1,70.0,-1.0
55,8476892,Colton Parayko,Defenseman,St. Louis Blues,137,2,-37.0,15.0
10,8476925,Colton Sissons,Center,Nashville Predators,29,1,-63.0,15.0
10,8476925,Colton Sissons,Center,Nashville Predators,71,1,80.0,-1.0
10,8476925,Colton Sissons,Center,Nashville Predators,80,1,61.0,-11.0
10,8476925,Colton Sissons,Center,Nashville Predators,170,2,-81.0,1.0
10,8476925,Colton Sissons,Center,Nashville Predators,227,2,78.0,-2.0
98,8484144,Connor Bedard,Center,Chicago Blackhawks,6,1,-68.0,12.0
98,8484144,Connor Bedard,Center,Chicago Blackhawks,16,1,-59.0,2.0
98,8484144,Connor Bedard,Center,Chicago Blackhawks,33,1,-88.0,-3.0
98,8484144,Connor Bedard,Center,Chicago Blackhawks,76,1,64.0,-7.0
98,8484144,Connor Bedard,Center,Chicago Blackhawks,138,2,57.0,18.0
26,8480980,Connor Dewar,Center,Minnesota Wild,33,1,-69.0,-10.0
26,8480980,Connor Dewar,Center,Minnesota Wild,51,1,83.0,5.0
97,8478402,Connor McDavid,Center,Edmonton Oilers,97,1,-70.0,7.0
97,8478402,Connor McDavid,Center,Edmonton Oilers,127,2,-81.0,-10.0
24,8481580,Connor McMichael,Center,Washington Capitals,156,2,55.0,7.0
24,8481580,Connor McMichael,Center,Washington Capitals,212,3,-78.0,-6.0
47,8482074,Connor Zary,Center,Calgary Flames,36,1,-79.0,-2.0
8,8478856,Conor Garland,Right Wing,Vancouver Canucks,35,1,-82.0,-3.0
73,8477839,Conor Sheary,Left Wing,Tampa Bay Lightning,150,2,85.0,-3.0
94,8470621,Corey Perry,Right Wing,Chicago Blackhawks,211,2,-64.0,-1.0
94,8470621,Corey Perry,Right Wing,Chicago Blackhawks,298,3,-67.0,15.0
15,8475225,Craig Smith,Center,Dallas Stars,123,2,-86.0,-4.0
42,8477508,Curtis Lazar,Center,New Jersey Devils,182,2,83.0,8.0
81,8478057,Dakota Joshua,Center,Vancouver Canucks,279,3,-85.0,-3.0
6,8477541,Dakota Mermis,Defenseman,Minnesota Wild,137,2,32.0,30.0
6,8477541,Dakota Mermis,Defenseman,Minnesota Wild,212,3,82.0,5.0
78,8476923,Damon Severson,Defenseman,Columbus Blue Jackets,70,1,69.0,23.0
88,8478466,Daniel Sprong,Right Wing,Detroit Red Wings,33,1,-88.0,-1.0
88,8478466,Daniel Sprong,Right Wing,Detroit Red Wings,204,2,79.0,1.0
88,8478466,Daniel Sprong,Right Wing,Detroit Red Wings,270,3,-75.0,1.0
57,8479371,Dante Fabbro,Defenseman,Nashville Predators,75,1,32.0,-8.0
25,8477498,Darnell Nurse,Defenseman,Edmonton Oilers,14,1,62.0,5.0
25,8477498,Darnell Nurse,Defenseman,Edmonton Oilers,50,1,55.0,23.0
19,8481019,David Gustafsson,Center,Winnipeg Jets,95,1,-75.0,15.0
19,8481019,David Gustafsson,Center,Winnipeg Jets,100,2,75.0,8.0
55,8483460,David Jiricek,Defenseman,Columbus Blue Jackets,169,2,-60.0,26.0
88,8477956,David Pastrnak,Right Wing,Boston Bruins,82,1,59.0,14.0
88,8477956,David Pastrnak,Right Wing,Boston Bruins,171,2,-67.0,-18.0
88,8477956,David Pastrnak,Right Wing,Boston Bruins,185,2,-80.0,4.0
88,8477956,David Pastrnak,Right Wing,Boston Bruins,191,2,63.0,-10.0
88,8477956,David Pastrnak,Right Wing,Boston Bruins,216,2,-77.0,1.0
88,8477956,David Pastrnak,Right Wing,Boston Bruins,256,3,80.0,-2.0
88,8477956,David Pastrnak,Right Wing,Boston Bruins,282,3,-41.0,-3.0
88,8477956,David Pastrnak,Right Wing,Boston Bruins,285,3,77.0,-9.0
88,8477956,David Pastrnak,Right Wing,Boston Bruins,289,3,57.0,-13.0
57,8474102,David Perron,Left Wing,Detroit Red Wings,170,2,83.0,-2.0
57,8474102,David Perron,Left Wing,Detroit Red Wings,185,2,80.0,-11.0
57,8474102,David Perron,Left Wing,Detroit Red Wings,263,3,-70.0,-10.0
94,8476913,Devin Shore,Center,Seattle Kraken,68,1,80.0,0.0
7,8478038,Devon Toews,Defenseman,Colorado Avalanche,160,2,80.0,-13.0
29,8479346,Dillon Dube,Center,Calgary Flames,93,1,81.0,6.0
10,8481716,Dmitri Voronkov,Left Wing,Columbus Blue Jackets,20,1,84.0,-3.0
10,8481716,Dmitri Voronkov,Left Wing,Columbus Blue Jackets,119,2,-79.0,1.0
7,8475200,Dmitry Orlov,Defenseman,Carolina Hurricanes,290,3,-43.0,2.0
81,8477330,Dominik Kubalik,Left Wing,Ottawa Senators,142,2,60.0,-10.0
81,8477330,Dominik Kubalik,Left Wing,Ottawa Senators,232,2,-67.0,-13.0
7,8476462,Dougie Hamilton,Defenseman,New Jersey Devils,94,1,-58.0,0.0
7,8476462,Dougie Hamilton,Defenseman,New Jersey Devils,161,2,-46.0,5.0
7,8476462,Dougie Hamilton,Defenseman,New Jersey Devils,282,3,56.0,20.0
7,8476462,Dougie Hamilton,Defenseman,New Jersey Devils,324,3,32.0,2.0
19,8480208,Drake Batherson,Right Wing,Ottawa Senators,287,3,-78.0,-4.0
19,8480208,Drake Batherson,Right Wing,Ottawa Senators,312,3,80.0,-6.0
8,8474563,Drew Doughty,Defenseman,Los Angeles Kings,98,1,-50.0,-19.0
8,8474563,Drew Doughty,Defenseman,Los Angeles Kings,193,2,41.0,9.0
8,8474563,Drew Doughty,Defenseman,Los Angeles Kings,306,3,-38.0,-8.0
8,8474563,Drew Doughty,Defenseman,Los Angeles Kings,313,3,-34.0,18.0
24,8481528,Dylan Cozens,Center,Buffalo Sabres,238,3,81.0,8.0
24,8481528,Dylan Cozens,Center,Buffalo Sabres,244,3,-87.0,32.0
24,8481528,Dylan Cozens,Center,Buffalo Sabres,285,4,-68.0,6.0
2,8476331,Dylan DeMelo,Defenseman,Winnipeg Jets,167,2,51.0,-8.0
71,8477946,Dylan Larkin,Center,Detroit Red Wings,106,2,80.0,13.0
71,8477946,Dylan Larkin,Center,Detroit Red Wings,127,2,80.0,0.0
71,8477946,Dylan Larkin,Center,Detroit Red Wings,231,3,-66.0,-3.0
71,8477946,Dylan Larkin,Center,Detroit Red Wings,252,3,-73.0,-12.0
71,8477946,Dylan Larkin,Center,Detroit Red Wings,255,3,-83.0,10.0
17,8478440,Dylan Strome,Center,Washington Capitals,82,1,-86.0,6.0
17,8478440,Dylan Strome,Center,Washington Capitals,84,1,-71.0,-7.0
17,8478440,Dylan Strome,Center,Washington Capitals,201,3,-79.0,-5.0
17,8478440,Dylan Strome,Center,Washington Capitals,262,3,79.0,-7.0
17,8478440,Dylan Strome,Center,Washington Capitals,263,3,-40.0,4.0
17,8478440,Dylan Strome,Center,Washington Capitals,293,3,77.0,-14.0
20,8480009,Eeli Tolvanen,Right Wing,Seattle Kraken,67,1,73.0,4.0
20,8480009,Eeli Tolvanen,Right Wing,Seattle Kraken,159,2,-78.0,1.0
5,8481178,Egor Zamula,Defenseman,Philadelphia Flyers,13,1,-40.0,-7.0
28,8477496,Elias Lindholm,Center,Calgary Flames,253,3,-55.0,-3.0
28,8477496,Elias Lindholm,Center,Calgary Flames,337,3,-78.0,-3.0
40,8480012,Elias Pettersson,Center,Vancouver Canucks,106,2,54.0,-6.0
40,8480012,Elias Pettersson,Center,Vancouver Canucks,158,2,44.0,-25.0
40,8480012,Elias Pettersson,Center,Vancouver Canucks,163,2,-65.0,-12.0
40,8480012,Elias Pettersson,Center,Vancouver Canucks,177,2,84.0,14.0
40,8480012,Elias Pettersson,Center,Vancouver Canucks,180,2,70.0,-23.0
40,8480012,Elias Pettersson,Center,Vancouver Canucks,263,3,-82.0,-1.0
52,8480205,Emil Bemstrom,Right Wing,Columbus Blue Jackets,71,1,63.0,21.0
52,8480205,Emil Bemstrom,Right Wing,Columbus Blue Jackets,95,1,57.0,21.0
52,8480205,Emil Bemstrom,Right Wing,Columbus Blue Jackets,178,2,-86.0,-9.0
44,8475790,Erik Gudbranson,Defenseman,Columbus Blue Jackets,261,3,46.0,-30.0
56,8476979,Erik Gustafsson,Defenseman,New York Rangers,9,1,-40.0,-33.0
56,8476979,Erik Gustafsson,Defenseman,New York Rangers,29,1,74.0,16.0
56,8476979,Erik Gustafsson,Defenseman,New York Rangers,162,2,-86.0,0.0
56,8475287,Erik Haula,Left Wing,New Jersey Devils,135,2,-44.0,-14.0
56,8475287,Erik Haula,Left Wing,New Jersey Devils,171,2,-83.0,9.0
56,8475287,Erik Haula,Left Wing,New Jersey Devils,233,3,78.0,2.0
56,8475287,Erik Haula,Left Wing,New Jersey Devils,251,3,80.0,0.0
56,8475287,Erik Haula,Left Wing,New Jersey Devils,344,3,82.0,5.0
6,8473446,Erik Johnson,Defenseman,Buffalo Sabres,35,1,47.0,24.0
65,8474578,Erik Karlsson,Defenseman,Pittsburgh Penguins,16,1,49.0,-25.0
65,8474578,Erik Karlsson,Defenseman,Pittsburgh Penguins,203,3,61.0,23.0
2,8480803,Evan Bouchard,Defenseman,Edmonton Oilers,10,1,37.0,-25.0
2,8480803,Evan Bouchard,Defenseman,Edmonton Oilers,35,1,47.0,0.0
2,8480803,Evan Bouchard,Defenseman,Edmonton Oilers,115,1,34.0,-17.0
17,8478542,Evan Rodrigues,Center,Florida Panthers,121,2,-84.0,1.0
17,8478542,Evan Rodrigues,Center,Florida Panthers,310,3,82.0,-3.0
91,8475169,Evander Kane,Left Wing,Edmonton Oilers,104,1,63.0,15.0
91,8475169,Evander Kane,Left Wing,Edmonton Oilers,260,3,79.0,-2.0
91,8475169,Evander Kane,Left Wing,Edmonton Oilers,335,3,13.0,-17.0
71,8471215,Evgeni Malkin,Center,Pittsburgh Penguins,4,1,84.0,13.0
71,8471215,Evgeni Malkin,Center,Pittsburgh Penguins,93,1,-72.0,-1.0
71,8471215,Evgeni Malkin,Center,Pittsburgh Penguins,134,2,-71.0,-6.0
71,8471215,Evgeni Malkin,Center,Pittsburgh Penguins,162,2,70.0,-8.0
71,8471215,Evgeni Malkin,Center,Pittsburgh Penguins,194,2,-56.0,5.0
71,8471215,Evgeni Malkin,Center,Pittsburgh Penguins,253,3,-86.0,8.0
71,8471215,Evgeni Malkin,Center,Pittsburgh Penguins,275,3,74.0,-10.0
63,8474149,Evgenii Dadonov,Right Wing,Dallas Stars,167,2,-66.0,14.0
63,8474149,Evgenii Dadonov,Right Wing,Dallas Stars,198,2,88.0,-2.0
63,8474149,Evgenii Dadonov,Right Wing,Dallas Stars,272,3,-71.0,19.0
92,8475744,Evgeny Kuznetsov,Center,Washington Capitals,332,5,-80.0,-1.0
92,8475744,Evgeny Kuznetsov,Center,Washington Capitals,338,3,-26.0,29.0
20,8480188,Fabian Zetterlund,Left Wing,San Jose Sharks,21,1,60.0,-5.0
20,8480188,Fabian Zetterlund,Left Wing,San Jose Sharks,135,2,-81.0,-9.0
20,8480188,Fabian Zetterlund,Left Wing,San Jose Sharks,269,3,61.0,-9.0
9,8476887,Filip Forsberg,Left Wing,Nashville Predators,53,1,-89.0,-5.0
9,8476887,Filip Forsberg,Left Wing,Nashville Predators,156,2,-64.0,28.0
18,8480821,Filip Zadina,Right Wing,San Jose Sharks,87,1,75.0,-12.0
18,8480821,Filip Zadina,Right Wing,San Jose Sharks,157,2,-47.0,-19.0
77,8478366,Frank Vatrano,Right Wing,Anaheim Ducks,50,1,74.0,-27.0
77,8478366,Frank Vatrano,Right Wing,Anaheim Ducks,76,1,56.0,-6.0
77,8478366,Frank Vatrano,Right Wing,Anaheim Ducks,132,2,-87.0,8.0
77,8478366,Frank Vatrano,Right Wing,Anaheim Ducks,140,2,72.0,21.0
77,8478366,Frank Vatrano,Right Wing,Anaheim Ducks,164,2,-72.0,14.0
77,8478366,Frank Vatrano,Right Wing,Anaheim Ducks,250,3,74.0,2.0
77,8478366,Frank Vatrano,Right Wing,Anaheim Ducks,251,3,-83.0,-4.0
77,8478366,Frank Vatrano,Right Wing,Anaheim Ducks,287,3,63.0,23.0
77,8478366,Frank Vatrano,Right Wing,Anaheim Ducks,300,4,75.0,2.0
22,8478028,Fredrik Olofsson,Left Wing,Colorado Avalanche,159,2,69.0,-11.0
19,8477903,Garnet Hathaway,Right Wing,Philadelphia Flyers,89,1,-84.0,5.0
19,8477903,Garnet Hathaway,Right Wing,Philadelphia Flyers,150,2,84.0,5.0
42,8478055,Gustav Forsling,Defenseman,Florida Panthers,166,2,40.0,15.0
14,8474679,Gustav Nyquist,Center,Nashville Predators,264,3,86.0,-32.0
10,8480035,Henri Jokiharju,Defenseman,Buffalo Sabres,187,3,49.0,-9.0
65,8481624,Ilya Mikheyev,Right Wing,Vancouver Canucks,27,1,-45.0,-6.0
65,8481624,Ilya Mikheyev,Right Wing,Vancouver Canucks,110,2,87.0,-7.0
65,8481624,Ilya Mikheyev,Right Wing,Vancouver Canucks,227,3,-73.0,-6.0
49,8477964,Ivan Barbashev,Center,Vegas Golden Knights,115,2,67.0,8.0
49,8477964,Ivan Barbashev,Center,Vegas Golden Knights,145,2,71.0,18.0
90,8482655,J.J. Moser,Defenseman,Arizona Coyotes,20,1,81.0,-2.0
90,8482655,J.J. Moser,Defenseman,Arizona Coyotes,38,1,88.0,6.0
37,8477456,J.T. Compher,Left Wing,Detroit Red Wings,180,2,80.0,0.0
37,8477456,J.T. Compher,Left Wing,Detroit Red Wings,284,3,-84.0,-6.0
9,8476468,J.T. Miller,Center,Vancouver Canucks,22,1,-86.0,4.0
9,8476468,J.T. Miller,Center,Vancouver Canucks,145,2,86.0,-3.0
9,8476468,J.T. Miller,Center,Vancouver Canucks,173,2,74.0,-2.0
9,8476468,J.T. Miller,Center,Vancouver Canucks,211,3,-89.0,-2.0
9,8476468,J.T. Miller,Center,Vancouver Canucks,240,3,-49.0,-16.0
9,8476468,J.T. Miller,Center,Vancouver Canucks,269,3,-82.0,-3.0
77,8482175,JJ Peterka,Right Wing,Buffalo Sabres,21,1,-66.0,13.0
77,8482175,JJ Peterka,Right Wing,Buffalo Sabres,53,1,77.0,7.0
77,8482175,JJ Peterka,Right Wing,Buffalo Sabres,83,1,57.0,20.0
77,8482175,JJ Peterka,Right Wing,Buffalo Sabres,182,2,-73.0,-6.0
77,8482175,JJ Peterka,Right Wing,Buffalo Sabres,221,3,55.0,-11.0
74,8476958,Jaccob Slavin,Defenseman,Carolina Hurricanes,155,2,86.0,-6.0
74,8476958,Jaccob Slavin,Defenseman,Carolina Hurricanes,244,3,55.0,33.0
74,8476958,Jaccob Slavin,Defenseman,Carolina Hurricanes,309,3,-72.0,-4.0
9,8478403,Jack Eichel,Center,Vegas Golden Knights,114,1,-81.0,1.0
9,8478403,Jack Eichel,Center,Vegas Golden Knights,188,2,66.0,-18.0
9,8478403,Jack Eichel,Center,Vegas Golden Knights,212,2,62.0,20.0
9,8478403,Jack Eichel,Center,Vegas Golden Knights,279,3,79.0,14.0
9,8478403,Jack Eichel,Center,Vegas Golden Knights,306,3,17.0,-9.0
9,8478403,Jack Eichel,Center,Vegas Golden Knights,344,5,76.0,2.0
86,8481559,Jack Hughes,Center,New Jersey Devils,204,3,50.0,-4.0
86,8481559,Jack Hughes,Center,New Jersey Devils,215,2,-88.0,-20.0
86,8481559,Jack Hughes,Center,New Jersey Devils,229,3,-82.0,-3.0
86,8481559,Jack Hughes,Center,New Jersey Devils,237,2,-65.0,-3.0
86,8481559,Jack Hughes,Center,New Jersey Devils,313,4,64.0,-2.0
22,8480855,Jack McBain,Center,Arizona Coyotes,20,1,82.0,3.0
22,8480855,Jack McBain,Center,Arizona Coyotes,41,1,79.0,-3.0
22,8480855,Jack McBain,Center,Arizona Coyotes,152,2,-63.0,-4.0
22,8480855,Jack McBain,Center,Arizona Coyotes,272,3,87.0,-2.0
96,8478458,Jack Roslovic,Center,Columbus Blue Jackets,18,1,85.0,-6.0
96,8478458,Jack Roslovic,Center,Columbus Blue Jackets,327,4,-61.0,5.0
23,8480021,Jack Studnicka,Center,Vancouver Canucks,136,2,69.0,6.0
9,8479439,Jacob MacDonald,Defenseman,San Jose Sharks,243,3,45.0,8.0
8,8476885,Jacob Trouba,Defenseman,New York Rangers,291,3,68.0,4.0
17,8475768,Jaden Schwartz,Center,Seattle Kraken,76,1,81.0,0.0
17,8475768,Jaden Schwartz,Center,Seattle Kraken,104,2,81.0,0.0
17,8475768,Jaden Schwartz,Center,Seattle Kraken,152,2,-77.0,-2.0
17,8475768,Jaden Schwartz,Center,Seattle Kraken,206,2,-55.0,24.0
17,8475768,Jaden Schwartz,Center,Seattle Kraken,228,3,83.0,-2.0
22,8479402,Jake Bean,Defenseman,Columbus Blue Jackets,51,1,75.0,-8.0
74,8478498,Jake DeBrusk,Left Wing,Boston Bruins,139,2,-80.0,2.0
74,8478498,Jake DeBrusk,Left Wing,Boston Bruins,357,5,66.0,5.0
71,8478133,Jake Evans,Center,Montréal Canadiens,15,1,81.0,-8.0
59,8477404,Jake Guentzel,Left Wing,Pittsburgh Penguins,128,2,86.0,4.0
59,8477404,Jake Guentzel,Left Wing,Pittsburgh Penguins,231,3,68.0,-8.0
59,8477404,Jake Guentzel,Left Wing,Pittsburgh Penguins,265,3,-86.0,0.0
59,8477404,Jake Guentzel,Left Wing,Pittsburgh Penguins,316,3,53.0,-17.0
5,8478136,Jake Middleton,Defenseman,Minnesota Wild,246,3,-77.0,-3.0
5,8478136,Jake Middleton,Defenseman,Minnesota Wild,262,3,-37.0,4.0
63,8482089,Jake Neighbours,Left Wing,St. Louis Blues,126,2,-73.0,-1.0
63,8482089,Jake Neighbours,Left Wing,St. Louis Blues,130,2,-86.0,-3.0
85,8482105,Jake Sanderson,Defenseman,Ottawa Senators,89,1,37.0,-3.0
85,8482105,Jake Sanderson,Defenseman,Ottawa Senators,188,2,-33.0,-2.0
85,8482105,Jake Sanderson,Defenseman,Ottawa Senators,239,3,49.0,-7.0
96,8478013,Jake Walman,Defenseman,Detroit Red Wings,157,2,59.0,-31.0
96,8478013,Jake Walman,Defenseman,Detroit Red Wings,200,3,-40.0,-27.0
96,8478013,Jake Walman,Defenseman,Detroit Red Wings,276,3,-49.0,-19.0
6,8479345,Jakob Chychrun,Defenseman,Ottawa Senators,19,1,49.0,0.0
6,8479345,Jakob Chychrun,Defenseman,Ottawa Senators,61,1,59.0,-23.0
6,8479345,Jakob Chychrun,Defenseman,Ottawa Senators,162,2,-82.0,-24.0
6,8479345,Jakob Chychrun,Defenseman,Ottawa Senators,216,2,41.0,-10.0
33,8475164,Jakob Silfverberg,Right Wing,Anaheim Ducks,35,1,-87.0,-1.0
15,8477944,Jakub Vrana,Left Wing,St. Louis Blues,176,2,-64.0,0.0
5,8478970,Jalen Chatfield,Defenseman,Carolina Hurricanes,166,2,42.0,-32.0
21,8474037,James van Riemsdyk,Left Wing,Boston Bruins,34,1,88.0,2.0
21,8474037,James van Riemsdyk,Left Wing,Boston Bruins,92,1,87.0,-9.0
21,8474037,James van Riemsdyk,Left Wing,Boston Bruins,112,1,-86.0,-1.0
21,8474037,James van Riemsdyk,Left Wing,Boston Bruins,274,3,75.0,3.0
14,8473994,Jamie Benn,Left Wing,Dallas Stars,96,1,84.0,2.0
14,8473994,Jamie Benn,Left Wing,Dallas Stars,101,2,84.0,-6.0
14,8473994,Jamie Benn,Left Wing,Dallas Stars,271,3,-65.0,16.0
19,8477955,Jared McCann,Left Wing,Seattle Kraken,58,1,87.0,-5.0
19,8477955,Jared McCann,Left Wing,Seattle Kraken,76,1,68.0,-19.0
19,8477955,Jared McCann,Left Wing,Seattle Kraken,151,2,-75.0,-1.0
19,8477955,Jared McCann,Left Wing,Seattle Kraken,281,3,82.0,10.0
19,8477955,Jared McCann,Left Wing,Seattle Kraken,303,3,58.0,-19.0
19,8477955,Jared McCann,Left Wing,Seattle Kraken,308,4,47.0,8.0
16,8477450,Jason Dickinson,Center,Chicago Blackhawks,300,3,-67.0,11.0
21,8480027,Jason Robertson,Left Wing,Dallas Stars,133,2,-61.0,14.0
21,8480027,Jason Robertson,Left Wing,Dallas Stars,157,2,85.0,-6.0
21,8480027,Jason Robertson,Left Wing,Dallas Stars,339,5,-80.0,7.0
16,8475722,Jason Zucker,Left Wing,Arizona Coyotes,94,1,54.0,-24.0
16,8475722,Jason Zucker,Left Wing,Arizona Coyotes,251,3,-64.0,26.0
53,8475784,Jeff Skinner,Left Wing,Buffalo Sabres,35,1,87.0,-14.0
53,8475784,Jeff Skinner,Left Wing,Buffalo Sabres,36,1,-67.0,-18.0
53,8475784,Jeff Skinner,Left Wing,Buffalo Sabres,59,1,86.0,-10.0
53,8475784,Jeff Skinner,Left Wing,Buffalo Sabres,117,2,91.0,8.0
53,8475784,Jeff Skinner,Left Wing,Buffalo Sabres,186,2,-65.0,-21.0
53,8475784,Jeff Skinner,Left Wing,Buffalo Sabres,200,2,-85.0,17.0
63,8479407,Jesper Bratt,Left Wing,New Jersey Devils,29,1,60.0,21.0
63,8479407,Jesper Bratt,Left Wing,New Jersey Devils,78,1,75.0,1.0
63,8479407,Jesper Bratt,Left Wing,New Jersey Devils,142,2,-58.0,22.0
63,8479407,Jesper Bratt,Left Wing,New Jersey Devils,175,2,-70.0,-20.0
63,8479407,Jesper Bratt,Left Wing,New Jersey Devils,197,2,-68.0,20.0
63,8479407,Jesper Bratt,Left Wing,New Jersey Devils,258,3,65.0,12.0
63,8479407,Jesper Bratt,Left Wing,New Jersey Devils,311,3,67.0,-10.0
71,8475855,Jesper Fast,Right Wing,Carolina Hurricanes,48,1,-82.0,0.0
82,8480829,Jesperi Kotkaniemi,Center,Carolina Hurricanes,66,1,82.0,0.0
82,8480829,Jesperi Kotkaniemi,Center,Carolina Hurricanes,79,1,87.0,16.0
82,8480829,Jesperi Kotkaniemi,Center,Carolina Hurricanes,252,3,-81.0,5.0
82,8480829,Jesperi Kotkaniemi,Center,Carolina Hurricanes,310,3,-81.0,-2.0
82,8480829,Jesperi Kotkaniemi,Center,Carolina Hurricanes,315,3,-71.0,5.0
56,8481058,Jesse Ylönen,Right Wing,Montréal Canadiens,286,3,80.0,13.0
26,8476918,Jimmy Vesey,Left Wing,New York Rangers,16,1,84.0,-5.0
16,8470794,Joe Pavelski,Center,Dallas Stars,152,2,65.0,18.0
16,8470794,Joe Pavelski,Center,Dallas Stars,188,2,70.0,-3.0
16,8470794,Joe Pavelski,Center,Dallas Stars,227,3,60.0,26.0
16,8470794,Joe Pavelski,Center,Dallas Stars,335,4,81.0,5.0
90,8480813,Joe Veleno,Center,Detroit Red Wings,48,1,-65.0,-5.0
90,8480813,Joe Veleno,Center,Detroit Red Wings,125,2,72.0,-2.0
90,8480813,Joe Veleno,Center,Detroit Red Wings,134,2,84.0,-13.0
90,8480813,Joe Veleno,Center,Detroit Red Wings,235,3,-66.0,-20.0
90,8480813,Joe Veleno,Center,Detroit Red Wings,260,3,-84.0,-9.0
40,8476469,Joel Armia,Right Wing,Montréal Canadiens,200,3,-68.0,13.0
14,8478493,Joel Eriksson Ek,Center,Minnesota Wild,117,2,-78.0,0.0
14,8478493,Joel Eriksson Ek,Center,Minnesota Wild,130,2,82.0,4.0
14,8478493,Joel Eriksson Ek,Center,Minnesota Wild,164,2,85.0,3.0
14,8478493,Joel Eriksson Ek,Center,Minnesota Wild,232,3,84.0,-4.0
14,8478493,Joel Eriksson Ek,Center,Minnesota Wild,246,3,-82.0,2.0
14,8478493,Joel Eriksson Ek,Center,Minnesota Wild,283,3,-59.0,6.0
86,8480797,Joel Farabee,Left Wing,Philadelphia Flyers,8,1,-57.0,-19.0
86,8480797,Joel Farabee,Left Wing,Philadelphia Flyers,24,1,-80.0,-9.0
86,8480797,Joel Farabee,Left Wing,Philadelphia Flyers,58,1,84.0,5.0
86,8480797,Joel Farabee,Left Wing,Philadelphia Flyers,85,1,-81.0,-3.0
86,8480797,Joel Farabee,Left Wing,Philadelphia Flyers,266,3,-71.0,-16.0
74,8474590,John Carlson,Defenseman,Washington Capitals,102,1,-71.0,1.0
74,8474590,John Carlson,Defenseman,Washington Capitals,332,5,-74.0,6.0
91,8475166,John Tavares,Center,Toronto Maple Leafs,112,2,-80.0,-8.0
91,8475166,John Tavares,Center,Toronto Maple Leafs,154,2,56.0,0.0
91,8475166,John Tavares,Center,Toronto Maple Leafs,232,3,-70.0,-14.0
91,8475166,John Tavares,Center,Toronto Maple Leafs,302,3,-33.0,-23.0
91,8475166,John Tavares,Center,Toronto Maple Leafs,317,4,82.0,5.0
13,8476346,Johnny Gaudreau,Left Wing,Columbus Blue Jackets,299,3,48.0,3.0
25,8476463,Jonas Brodin,Defenseman,Minnesota Wild,231,3,-54.0,12.0
46,8480007,Jonas Rondbjerg,Right Wing,Vegas Golden Knights,309,3,-81.0,0.0
10,8476456,Jonathan Huberdeau,Center,Calgary Flames,5,1,-80.0,-21.0
10,8476456,Jonathan Huberdeau,Center,Calgary Flames,283,3,-69.0,-3.0
81,8476539,Jonathan Marchessault,Right Wing,Vegas Golden Knights,79,1,51.0,-8.0
81,8476539,Jonathan Marchessault,Right Wing,Vegas Golden Knights,82,1,-84.0,-7.0
81,8476539,Jonathan Marchessault,Right Wing,Vegas Golden Knights,137,2,66.0,4.0
81,8476539,Jonathan Marchessault,Right Wing,Vegas Golden Knights,149,2,-63.0,2.0
81,8476539,Jonathan Marchessault,Right Wing,Vegas Golden Knights,236,3,-76.0,2.0
81,8476539,Jonathan Marchessault,Right Wing,Vegas Golden Knights,277,3,0.0,-29.0
81,8476539,Jonathan Marchessault,Right Wing,Vegas Golden Knights,348,5,-78.0,1.0
81,8476539,Jonathan Marchessault,Right Wing,Vegas Golden Knights,357,5,-67.0,-6.0
7,8474586,Jordan Eberle,Right Wing,Seattle Kraken,332,4,-82.0,9.0
12,8478413,Jordan Greenway,Left Wing,Buffalo Sabres,134,2,83.0,-1.0
12,8478413,Jordan Greenway,Left Wing,Buffalo Sabres,240,3,84.0,-8.0
25,8479385,Jordan Kyrou,Center,St. Louis Blues,12,1,73.0,-7.0
25,8479385,Jordan Kyrou,Center,St. Louis Blues,142,2,-61.0,3.0
48,8476921,Jordan Martinook,Left Wing,Carolina Hurricanes,341,5,82.0,-3.0
11,8473533,Jordan Staal,Center,Carolina Hurricanes,242,3,-75.0,1.0
3,8477384,Josh Brown,Defenseman,Arizona Coyotes,77,1,75.0,-12.0
44,8477504,Josh Morrissey,Defenseman,Winnipeg Jets,68,1,-55.0,-21.0
9,8480064,Josh Norris,Center,Ottawa Senators,70,1,83.0,-6.0
9,8480064,Josh Norris,Center,Ottawa Senators,122,2,-66.0,1.0
9,8480064,Josh Norris,Center,Ottawa Senators,263,3,79.0,1.0
9,8480064,Josh Norris,Center,Ottawa Senators,303,3,85.0,-10.0
20,8483515,Juraj Slafkovsky,Left Wing,Montréal Canadiens,23,1,-84.0,7.0
52,8482111,Justin Barron,Defenseman,Montréal Canadiens,19,1,-72.0,-1.0
52,8482111,Justin Barron,Defenseman,Montréal Canadiens,23,1,-80.0,0.0
52,8482111,Justin Barron,Defenseman,Montréal Canadiens,38,1,-76.0,-22.0
17,8479941,Justin Danforth,Right Wing,Columbus Blue Jackets,56,1,88.0,4.0
17,8479941,Justin Danforth,Right Wing,Columbus Blue Jackets,240,3,83.0,10.0
17,8479941,Justin Danforth,Right Wing,Columbus Blue Jackets,282,3,79.0,-6.0
4,8474602,Justin Schultz,Defenseman,Seattle Kraken,38,1,68.0,27.0
75,8481704,Juuso Parssinen,Center,Nashville Predators,205,3,-82.0,4.0
75,8481704,Juuso Parssinen,Center,Nashville Predators,305,3,-44.0,30.0
79,8480817,K'Andre Miller,Defenseman,New York Rangers,296,4,-68.0,11.0
24,8481554,Kaapo Kakko,Right Wing,New York Rangers,155,2,-82.0,1.0
6,8481527,Kaedan Korczak,Defenseman,Vegas Golden Knights,159,2,51.0,-21.0
56,8479977,Kailer Yamamoto,Right Wing,Seattle Kraken,82,1,-78.0,5.0
56,8479977,Kailer Yamamoto,Right Wing,Seattle Kraken,87,1,84.0,16.0
42,8477953,Kasperi Kapanen,Right Wing,St. Louis Blues,61,1,71.0,-3.0
42,8477953,Kasperi Kapanen,Right Wing,St. Louis Blues,289,3,73.0,-32.0
22,8477942,Kevin Fiala,Left Wing,Los Angeles Kings,225,3,-89.0,2.0
12,8475763,Kevin Hayes,Right Wing,St. Louis Blues,143,2,-77.0,-1.0
12,8475763,Kevin Hayes,Right Wing,St. Louis Blues,291,3,27.0,36.0
82,8478831,Kevin Stenlund,Center,Florida Panthers,101,1,-62.0,26.0
82,8478831,Kevin Stenlund,Center,Florida Panthers,294,3,-61.0,0.0
44,8480748,Kiefer Sherwood,Left Wing,Nashville Predators,109,2,-54.0,16.0
44,8480748,Kiefer Sherwood,Left Wing,Nashville Predators,151,2,-56.0,-16.0
97,8478864,Kirill Kaprizov,Left Wing,Minnesota Wild,40,1,-83.0,3.0
97,8478864,Kirill Kaprizov,Left Wing,Minnesota Wild,124,2,38.0,19.0
97,8478864,Kirill Kaprizov,Left Wing,Minnesota Wild,191,2,-82.0,21.0
86,8480893,Kirill Marchenko,Right Wing,Columbus Blue Jackets,42,1,66.0,14.0
58,8471724,Kris Letang,Defenseman,Pittsburgh Penguins,164,2,84.0,6.0
81,8478398,Kyle Connor,Left Wing,Winnipeg Jets,82,1,71.0,8.0
81,8478398,Kyle Connor,Left Wing,Winnipeg Jets,92,1,49.0,7.0
81,8478398,Kyle Connor,Left Wing,Winnipeg Jets,123,2,70.0,5.0
81,8478398,Kyle Connor,Left Wing,Winnipeg Jets,130,2,-76.0,-6.0
81,8478398,Kyle Connor,Left Wing,Winnipeg Jets,205,3,-72.0,-19.0
81,8478398,Kyle Connor,Left Wing,Winnipeg Jets,317,3,-29.0,34.0
21,8475151,Kyle Palmieri,Center,New York Islanders,82,1,-82.0,-5.0
21,8475151,Kyle Palmieri,Center,New York Islanders,87,1,83.0,1.0
21,8475151,Kyle Palmieri,Center,New York Islanders,120,2,-81.0,-6.0
20,8474189,Lars Eller,Center,Pittsburgh Penguins,125,2,-80.0,3.0
67,8478474,Lawson Crouse,Left Wing,Arizona Coyotes,59,1,-75.0,0.0
67,8478474,Lawson Crouse,Left Wing,Arizona Coyotes,142,2,-78.0,-1.0
67,8478474,Lawson Crouse,Left Wing,Arizona Coyotes,163,2,82.0,-2.0
67,8478474,Lawson Crouse,Left Wing,Arizona Coyotes,226,2,-81.0,18.0
91,8484153,Leo Carlsson,Center,Anaheim Ducks,201,3,71.0,11.0
91,8484153,Leo Carlsson,Center,Anaheim Ducks,206,3,83.0,12.0
91,8484153,Leo Carlsson,Center,Anaheim Ducks,306,3,-82.0,3.0
29,8477934,Leon Draisaitl,Center,Edmonton Oilers,11,1,83.0,2.0
29,8477934,Leon Draisaitl,Center,Edmonton Oilers,37,1,-75.0,-6.0
29,8477934,Leon Draisaitl,Center,Edmonton Oilers,147,2,-82.0,23.0
29,8477934,Leon Draisaitl,Center,Edmonton Oilers,165,2,82.0,-22.0
38,8477070,Liam O'Brien,Center,Arizona Coyotes,107,2,-87.0,2.0
38,8477070,Liam O'Brien,Center,Arizona Coyotes,201,2,-81.0,1.0
92,8483431,Logan Cooley,Center,Arizona Coyotes,69,1,-79.0,1.0
25,8481186,Logan O'Connor,Right Wing,Colorado Avalanche,54,1,-64.0,3.0
25,8481186,Logan O'Connor,Right Wing,Colorado Avalanche,110,2,76.0,2.0
25,8481186,Logan O'Connor,Right Wing,Colorado Avalanche,167,2,77.0,5.0
37,8478011,Louie Belpedio,Defenseman,Philadelphia Flyers,11,1,-70.0,19.0
23,8482078,Lucas Raymond,Left Wing,Detroit Red Wings,93,1,-74.0,13.0
23,8482078,Lucas Raymond,Left Wing,Detroit Red Wings,110,2,68.0,-25.0
23,8482078,Lucas Raymond,Left Wing,Detroit Red Wings,110,2,80.0,1.0
23,8482078,Lucas Raymond,Left Wing,Detroit Red Wings,328,4,84.0,-5.0
77,8482146,Luke Evangelista,Right Wing,Nashville Predators,272,3,83.0,-4.0
11,8476822,Luke Glendening,Center,Tampa Bay Lightning,221,3,81.0,0.0
43,8482684,Luke Hughes,Defenseman,New Jersey Devils,127,2,35.0,-8.0
11,8479316,Luke Kunin,Center,San Jose Sharks,58,1,89.0,-4.0
58,8480025,MacKenzie Entwistle,Right Wing,Chicago Blackhawks,138,2,-75.0,-6.0
52,8477346,MacKenzie Weegar,Defenseman,Calgary Flames,117,1,-32.0,18.0
52,8477346,MacKenzie Weegar,Defenseman,Calgary Flames,242,3,-58.0,-17.0
23,8482079,Marco Rossi,Center,Minnesota Wild,10,1,62.0,10.0
23,8482079,Marco Rossi,Center,Minnesota Wild,40,1,-78.0,0.0
23,8482079,Marco Rossi,Center,Minnesota Wild,179,2,-81.0,2.0
23,8482079,Marco Rossi,Center,Minnesota Wild,193,3,-81.0,-3.0
23,8482079,Marco Rossi,Center,Minnesota Wild,212,3,-73.0,-8.0
17,8475220,Marcus Foligno,Left Wing,Minnesota Wild,220,3,84.0,-9.0
17,8475220,Marcus Foligno,Left Wing,Minnesota Wild,281,3,-52.0,-38.0
90,8475149,Marcus Johansson,Left Wing,Minnesota Wild,296,3,-65.0,-20.0
55,8470966,Mark Giordano,Defenseman,Toronto Maple Leafs,200,2,84.0,6.0
55,8476460,Mark Scheifele,Center,Winnipeg Jets,42,1,-69.0,5.0
55,8476460,Mark Scheifele,Center,Winnipeg Jets,289,3,-82.0,-5.0
55,8476460,Mark Scheifele,Center,Winnipeg Jets,322,3,76.0,-12.0
55,8476460,Mark Scheifele,Center,Winnipeg Jets,344,4,81.0,2.0
61,8475913,Mark Stone,Right Wing,Vegas Golden Knights,106,1,-84.0,6.0
61,8475913,Mark Stone,Right Wing,Vegas Golden Knights,247,3,76.0,-11.0
61,8475913,Mark Stone,Right Wing,Vegas Golden Knights,270,3,-78.0,-1.0
61,8475913,Mark Stone,Right Wing,Vegas Golden Knights,279,3,81.0,5.0
88,8480039,Martin Necas,Center,Carolina Hurricanes,99,1,-83.0,-1.0
88,8480039,Martin Necas,Center,Carolina Hurricanes,264,3,-82.0,6.0
88,8480039,Martin Necas,Center,Carolina Hurricanes,286,3,-87.0,-6.0
88,8480039,Martin Necas,Center,Carolina Hurricanes,333,5,80.0,0.0
88,8480039,Martin Necas,Center,Carolina Hurricanes,352,4,50.0,7.0
76,8481028,Martin Pospisil,Center,Calgary Flames,63,1,-82.0,3.0
22,8478891,Mason Appleton,Center,Winnipeg Jets,106,2,69.0,-18.0
22,8478891,Mason Appleton,Center,Winnipeg Jets,256,3,83.0,-1.0
22,8478891,Mason Appleton,Center,Winnipeg Jets,292,3,-72.0,-2.0
27,8478975,Mason Marchment,Left Wing,Dallas Stars,148,2,73.0,14.0
27,8478975,Mason Marchment,Left Wing,Dallas Stars,220,2,-80.0,3.0
23,8482745,Mason McTavish,Center,Anaheim Ducks,216,3,-83.0,-2.0
23,8482745,Mason McTavish,Center,Anaheim Ducks,233,3,82.0,5.0
23,8482745,Mason McTavish,Center,Anaheim Ducks,245,3,72.0,6.0
23,8482745,Mason McTavish,Center,Anaheim Ducks,311,3,-67.0,-1.0
23,8482745,Mason McTavish,Center,Anaheim Ducks,330,4,73.0,15.0
13,8478445,Mathew Barzal,Center,New York Islanders,110,2,-53.0,-28.0
13,8478445,Mathew Barzal,Center,New York Islanders,160,2,-79.0,-3.0
21,8478472,Mathieu Joseph,Right Wing,Ottawa Senators,20,1,78.0,0.0
21,8478472,Mathieu Joseph,Right Wing,Ottawa Senators,206,2,-65.0,-11.0
21,8478472,Mathieu Joseph,Right Wing,Ottawa Senators,305,3,74.0,0.0
63,8481711,Matias Maccelli,Left Wing,Arizona Coyotes,4,1,65.0,-19.0
36,8475692,Mats Zuccarello,Right Wing,Minnesota Wild,142,2,61.0,8.0
36,8475692,Mats Zuccarello,Right Wing,Minnesota Wild,192,3,-82.0,3.0
36,8475692,Mats Zuccarello,Right Wing,Minnesota Wild,228,3,-74.0,8.0
36,8475692,Mats Zuccarello,Right Wing,Minnesota Wild,285,5,-82.0,-3.0
12,8481557,Matt Boldy,Left Wing,Minnesota Wild,146,2,-75.0,-27.0
12,8481557,Matt Boldy,Left Wing,Minnesota Wild,289,5,-61.0,2.0
95,8475168,Matt Duchene,Center,Dallas Stars,46,1,-70.0,-15.0
95,8475168,Matt Duchene,Center,Dallas Stars,207,3,-67.0,14.0
95,8475168,Matt Duchene,Center,Dallas Stars,341,5,-75.0,1.0
95,8475168,Matt Duchene,Center,Dallas Stars,356,5,73.0,6.0
24,8476856,Matt Dumba,Defenseman,Arizona Coyotes,33,1,-62.0,2.0
48,8476891,Matt Grzelcyk,Defenseman,Boston Bruins,120,2,-73.0,30.0
17,8474709,Matt Martin,Left Wing,New York Islanders,255,3,-83.0,-6.0
83,8476442,Matt Nieto,Left Wing,Pittsburgh Penguins,179,2,84.0,8.0
23,8482720,Matthew Knies,Left Wing,Toronto Maple Leafs,272,3,-68.0,-20.0
23,8482720,Matthew Knies,Left Wing,Toronto Maple Leafs,282,3,-67.0,6.0
45,8479547,Matthew Phillips,Right Wing,Washington Capitals,141,2,82.0,2.0
51,8483505,Matthew Poitras,Center,Boston Bruins,62,1,79.0,-1.0
51,8483505,Matthew Poitras,Center,Boston Bruins,240,3,-75.0,0.0
51,8483505,Matthew Poitras,Center,Boston Bruins,241,3,80.0,-3.0
51,8483505,Matthew Poitras,Center,Boston Bruins,256,3,-81.0,5.0
19,8479314,Matthew Tkachuk,Left Wing,Florida Panthers,170,2,69.0,7.0
19,8479314,Matthew Tkachuk,Left Wing,Florida Panthers,268,3,87.0,-7.0
23,8480807,Mattias Samuelsson,Defenseman,Buffalo Sabres,210,2,-62.0,1.0
22,8478020,Michael Amadio,Right Wing,Vegas Golden Knights,70,1,-77.0,-11.0
22,8478020,Michael Amadio,Right Wing,Vegas Golden Knights,140,2,-80.0,8.0
58,8478047,Michael Bunting,Left Wing,Carolina Hurricanes,133,2,-54.0,11.0
58,8478047,Michael Bunting,Left Wing,Carolina Hurricanes,143,2,84.0,5.0
58,8478047,Michael Bunting,Left Wing,Carolina Hurricanes,149,2,-86.0,-6.0
53,8479619,Michael Carcone,Left Wing,Arizona Coyotes,17,1,86.0,11.0
53,8479619,Michael Carcone,Left Wing,Arizona Coyotes,86,1,68.0,-13.0
53,8479619,Michael Carcone,Left Wing,Arizona Coyotes,143,2,-93.0,5.0
53,8479619,Michael Carcone,Left Wing,Arizona Coyotes,180,2,82.0,4.0
23,8479591,Michael Eyssimont,Center,Tampa Bay Lightning,39,1,80.0,4.0
23,8479591,Michael Eyssimont,Center,Tampa Bay Lightning,146,2,79.0,-3.0
23,8479591,Michael Eyssimont,Center,Tampa Bay Lightning,173,2,-64.0,-23.0
20,8479415,Michael McLeod,Center,New Jersey Devils,51,1,84.0,-4.0
20,8479415,Michael McLeod,Center,New Jersey Devils,260,3,81.0,6.0
27,8479992,Michael Rasmussen,Center,Detroit Red Wings,113,2,84.0,-8.0
93,8476459,Mika Zibanejad,Center,New York Rangers,244,3,68.0,11.0
93,8476459,Mika Zibanejad,Center,New York Rangers,307,4,-67.0,-19.0
11,8474150,Mikael Backlund,Center,Calgary Flames,180,3,-82.0,0.0
11,8474150,Mikael Backlund,Center,Calgary Flames,233,3,47.0,-20.0
8,8476875,Mike Matheson,Defenseman,Montréal Canadiens,200,2,52.0,23.0
8,8476875,Mike Matheson,Defenseman,Montréal Canadiens,290,3,-80.0,0.0
44,8479998,Mikey Anderson,Defenseman,Los Angeles Kings,30,1,-72.0,-3.0
96,8478420,Mikko Rantanen,Right Wing,Colorado Avalanche,73,1,-70.0,23.0
96,8478420,Mikko Rantanen,Right Wing,Colorado Avalanche,149,2,-84.0,-21.0
96,8478420,Mikko Rantanen,Right Wing,Colorado Avalanche,195,2,39.0,-20.0
96,8478420,Mikko Rantanen,Right Wing,Colorado Avalanche,251,3,-58.0,17.0
96,8478420,Mikko Rantanen,Right Wing,Colorado Avalanche,274,3,-61.0,8.0
96,8478420,Mikko Rantanen,Right Wing,Colorado Avalanche,276,3,71.0,11.0
96,8478420,Mikko Rantanen,Right Wing,Colorado Avalanche,378,5,-85.0,6.0
28,8477425,Miles Wood,Left Wing,Colorado Avalanche,331,3,61.0,1.0
4,8480036,Miro Heiskanen,Defenseman,Dallas Stars,221,3,-81.0,-7.0
16,8478483,Mitchell Marner,Right Wing,Toronto Maple Leafs,64,1,-69.0,2.0
16,8478483,Mitchell Marner,Right Wing,Toronto Maple Leafs,171,2,-84.0,-5.0
16,8478483,Mitchell Marner,Right Wing,Toronto Maple Leafs,171,2,61.0,11.0
16,8478483,Mitchell Marner,Right Wing,Toronto Maple Leafs,191,2,-75.0,-13.0
16,8478483,Mitchell Marner,Right Wing,Toronto Maple Leafs,357,5,-76.0,0.0
36,8480289,Morgan Barron,Center,Winnipeg Jets,160,2,80.0,2.0
36,8480289,Morgan Barron,Center,Winnipeg Jets,262,3,-56.0,-10.0
39,8479987,Morgan Geekie,Center,Boston Bruins,190,2,-77.0,11.0
44,8476853,Morgan Rielly,Defenseman,Toronto Maple Leafs,43,1,84.0,6.0
44,8476853,Morgan Rielly,Defenseman,Toronto Maple Leafs,59,1,77.0,-15.0
53,8481542,Moritz Seider,Defenseman,Detroit Red Wings,280,3,26.0,25.0
29,8477492,Nathan MacKinnon,Center,Colorado Avalanche,48,1,75.0,-11.0
29,8477492,Nathan MacKinnon,Center,Colorado Avalanche,179,2,66.0,3.0
29,8477492,Nathan MacKinnon,Center,Colorado Avalanche,206,2,62.0,20.0
29,8477492,Nathan MacKinnon,Center,Colorado Avalanche,225,3,-79.0,-16.0
91,8475172,Nazem Kadri,Center,Calgary Flames,108,1,-80.0,0.0
20,8477426,Nicholas Paul,Left Wing,Tampa Bay Lightning,55,1,79.0,3.0
20,8477426,Nicholas Paul,Left Wing,Tampa Bay Lightning,142,2,-76.0,9.0
20,8477426,Nicholas Paul,Left Wing,Tampa Bay Lightning,222,3,83.0,0.0
20,8477426,Nicholas Paul,Left Wing,Tampa Bay Lightning,239,3,70.0,19.0
20,8477426,Nicholas Paul,Left Wing,Tampa Bay Lightning,268,3,82.0,2.0
17,8475760,Nick Bjugstad,Center,Arizona Coyotes,89,1,-62.0,7.0
17,8475760,Nick Bjugstad,Center,Arizona Coyotes,131,2,-81.0,3.0
17,8475760,Nick Bjugstad,Center,Arizona Coyotes,320,5,-79.0,6.0
21,8476393,Nick Cousins,Center,Florida Panthers,279,3,-82.0,6.0
17,8473422,Nick Foligno,Left Wing,Chicago Blackhawks,38,1,-66.0,4.0
17,8473422,Nick Foligno,Left Wing,Chicago Blackhawks,318,3,-79.0,1.0
4,8475181,Nick Leddy,Defenseman,St. Louis Blues,82,1,36.0,29.0
8,8477951,Nick Schmaltz,Center,Arizona Coyotes,40,1,76.0,-1.0
8,8477951,Nick Schmaltz,Center,Arizona Coyotes,215,2,70.0,0.0
8,8477951,Nick Schmaltz,Center,Arizona Coyotes,261,3,83.0,-5.0
8,8477951,Nick Schmaltz,Center,Arizona Coyotes,269,3,-75.0,-20.0
8,8477951,Nick Schmaltz,Center,Arizona Coyotes,322,5,-77.0,5.0
14,8480018,Nick Suzuki,Center,Montréal Canadiens,120,2,52.0,9.0
14,8480018,Nick Suzuki,Center,Montréal Canadiens,291,3,88.0,-6.0
14,8480018,Nick Suzuki,Center,Montréal Canadiens,311,5,-82.0,-3.0
14,8480018,Nick Suzuki,Center,Montréal Canadiens,312,3,-80.0,-1.0
14,8480018,Nick Suzuki,Center,Montréal Canadiens,347,5,86.0,4.0
13,8480002,Nico Hischier,Center,New Jersey Devils,145,2,-78.0,-8.0
13,8480002,Nico Hischier,Center,New Jersey Devils,218,3,78.0,-13.0
14,8479980,Nicolas Hague,Defenseman,Vegas Golden Knights,187,2,56.0,-24.0
10,8478462,Nicolas Roy,Center,Vegas Golden Knights,192,2,66.0,-17.0
10,8478462,Nicolas Roy,Center,Vegas Golden Knights,213,3,84.0,-8.0
10,8478462,Nicolas Roy,Center,Vegas Golden Knights,303,3,22.0,-37.0
86,8476453,Nikita Kucherov,Right Wing,Tampa Bay Lightning,35,1,69.0,-22.0
86,8476453,Nikita Kucherov,Right Wing,Tampa Bay Lightning,41,1,50.0,-16.0
86,8476453,Nikita Kucherov,Right Wing,Tampa Bay Lightning,79,1,63.0,-31.0
86,8476453,Nikita Kucherov,Right Wing,Tampa Bay Lightning,179,2,-58.0,32.0
86,8476453,Nikita Kucherov,Right Wing,Tampa Bay Lightning,214,3,78.0,-20.0
86,8476453,Nikita Kucherov,Right Wing,Tampa Bay Lightning,304,3,-85.0,-8.0
86,8476453,Nikita Kucherov,Right Wing,Tampa Bay Lightning,317,3,61.0,4.0
22,8479458,Nikita Zaitsev,Defenseman,Chicago Blackhawks,55,1,-61.0,7.0
77,8478859,Niko Mikkola,Defenseman,Florida Panthers,168,2,79.0,5.0
27,8477940,Nikolaj Ehlers,Left Wing,Winnipeg Jets,77,1,67.0,-7.0
27,8477940,Nikolaj Ehlers,Left Wing,Winnipeg Jets,213,3,-87.0,8.0
21,8481535,Nils Hoglander,Left Wing,Vancouver Canucks,104,1,-78.0,2.0
21,8481535,Nils Hoglander,Left Wing,Vancouver Canucks,118,2,79.0,3.0
62,8475799,Nino Niederreiter,Right Wing,Winnipeg Jets,107,2,-83.0,9.0
62,8475799,Nino Niederreiter,Right Wing,Winnipeg Jets,116,2,84.0,2.0
62,8475799,Nino Niederreiter,Right Wing,Winnipeg Jets,151,2,82.0,2.0
62,8475799,Nino Niederreiter,Right Wing,Winnipeg Jets,196,3,-89.0,-1.0
62,8475799,Nino Niederreiter,Right Wing,Winnipeg Jets,284,3,36.0,30.0
8,8480865,Noah Dobson,Defenseman,New York Islanders,90,1,77.0,1.0
8,8480865,Noah Dobson,Defenseman,New York Islanders,289,3,45.0,-1.0
8,8480865,Noah Dobson,Defenseman,New York Islanders,318,3,-48.0,-14.0
18,8479393,Noah Gregor,Center,Toronto Maple Leafs,144,2,64.0,25.0
55,8478396,Noah Hanifin,Defenseman,Calgary Flames,155,2,53.0,12.0
22,8477416,Oliver Bjorkstrand,Right Wing,Seattle Kraken,54,1,46.0,-14.0
22,8477416,Oliver Bjorkstrand,Right Wing,Seattle Kraken,56,1,57.0,13.0
22,8477416,Oliver Bjorkstrand,Right Wing,Seattle Kraken,65,1,41.0,-7.0
22,8477416,Oliver Bjorkstrand,Right Wing,Seattle Kraken,306,3,-53.0,-40.0
91,8475171,Oliver Ekman-Larsson,Defenseman,Florida Panthers,112,1,-36.0,9.0
91,8475171,Oliver Ekman-Larsson,Defenseman,Florida Panthers,238,3,33.0,-4.0
70,8476897,Oskar Sundqvist,Center,St. Louis Blues,291,3,-64.0,-42.0
25,8482671,Owen Power,Defenseman,Buffalo Sabres,215,3,64.0,12.0
74,8480015,Owen Tippett,Right Wing,Philadelphia Flyers,72,1,-81.0,9.0
74,8480015,Owen Tippett,Right Wing,Philadelphia Flyers,232,3,-65.0,6.0
27,8480448,Parker Kelly,Left Wing,Ottawa Senators,275,3,77.0,2.0
20,8474034,Pat Maroon,Left Wing,Minnesota Wild,71,1,-80.0,-3.0
29,8479339,Patrik Laine,Left Wing,Columbus Blue Jackets,301,3,88.0,9.0
43,8481032,Paul Cotter,Center,Vegas Golden Knights,75,1,-49.0,11.0
43,8481032,Paul Cotter,Center,Vegas Golden Knights,289,3,72.0,5.0
89,8477402,Pavel Buchnevich,Left Wing,St. Louis Blues,178,2,-75.0,3.0
16,8481604,Pavel Dorofeyev,Left Wing,Vegas Golden Knights,9,1,-76.0,-1.0
34,8483490,Pavel Mintyukov,Defenseman,Anaheim Ducks,73,1,72.0,10.0
18,8478401,Pavel Zacha,Center,Boston Bruins,59,1,79.0,2.0
18,8478401,Pavel Zacha,Center,Boston Bruins,102,1,76.0,-3.0
18,8478401,Pavel Zacha,Center,Boston Bruins,133,2,-70.0,2.0
18,8478401,Pavel Zacha,Center,Boston Bruins,314,4,-73.0,22.0
23,8480798,Philipp Kurashev,Center,Chicago Blackhawks,288,4,-51.0,3.0
23,8480798,Philipp Kurashev,Center,Chicago Blackhawks,303,3,-62.0,-1.0
24,8476479,Phillip Danault,Center,Los Angeles Kings,26,1,-83.0,3.0
24,8476479,Phillip Danault,Center,Los Angeles Kings,57,1,83.0,5.0
24,8476479,Phillip Danault,Center,Los Angeles Kings,284,3,71.0,7.0
34,8476858,Phillip Di Giuseppe,Left Wing,Vancouver Canucks,104,2,77.0,-2.0
34,8476858,Phillip Di Giuseppe,Left Wing,Vancouver Canucks,135,2,77.0,-1.0
41,8477930,Pierre-Edouard Bellemare,Left Wing,Seattle Kraken,114,1,79.0,-3.0
80,8479400,Pierre-Luc Dubois,Center,Los Angeles Kings,91,1,61.0,-20.0
80,8479400,Pierre-Luc Dubois,Center,Los Angeles Kings,94,1,61.0,6.0
80,8479400,Pierre-Luc Dubois,Center,Los Angeles Kings,158,2,-79.0,1.0
80,8479400,Pierre-Luc Dubois,Center,Los Angeles Kings,326,5,-78.0,3.0
24,8480459,Pius Suter,Center,Vancouver Canucks,127,2,74.0,1.0
24,8480459,Pius Suter,Center,Vancouver Canucks,179,2,68.0,-17.0
43,8480800,Quinn Hughes,Defenseman,Vancouver Canucks,41,1,-40.0,1.0
43,8480800,Quinn Hughes,Defenseman,Vancouver Canucks,48,1,-55.0,-21.0
43,8480800,Quinn Hughes,Defenseman,Vancouver Canucks,66,1,42.0,6.0
43,8480800,Quinn Hughes,Defenseman,Vancouver Canucks,130,2,68.0,-19.0
55,8482124,Quinton Byfield,Right Wing,Los Angeles Kings,237,3,-81.0,1.0
55,8482124,Quinton Byfield,Right Wing,Los Angeles Kings,243,2,75.0,10.0
63,8482241,Radim Zohorna,Left Wing,Pittsburgh Penguins,211,3,83.0,5.0
63,8482241,Radim Zohorna,Left Wing,Pittsburgh Penguins,272,3,-86.0,8.0
7,8475462,Radko Gudas,Defenseman,Anaheim Ducks,80,1,-33.0,32.0
4,8478397,Rasmus Andersson,Defenseman,Calgary Flames,215,2,54.0,-1.0
4,8478397,Rasmus Andersson,Defenseman,Calgary Flames,239,3,81.0,19.0
26,8480839,Rasmus Dahlin,Defenseman,Buffalo Sabres,183,2,37.0,-17.0
26,8480839,Rasmus Dahlin,Defenseman,Buffalo Sabres,273,3,-86.0,34.0
52,8481147,Reese Johnson,Center,Chicago Blackhawks,154,2,62.0,-7.0
19,8475191,Reilly Smith,Right Wing,Pittsburgh Penguins,7,1,-57.0,-16.0
19,8475191,Reilly Smith,Right Wing,Pittsburgh Penguins,21,1,66.0,3.0
19,8475191,Reilly Smith,Right Wing,Pittsburgh Penguins,65,1,64.0,8.0
19,8475191,Reilly Smith,Right Wing,Pittsburgh Penguins,69,1,-84.0,5.0
19,8475191,Reilly Smith,Right Wing,Pittsburgh Penguins,210,3,68.0,-6.0
19,8475191,Reilly Smith,Right Wing,Pittsburgh Penguins,310,3,61.0,34.0
71,8482092,Ridly Greig,Center,Ottawa Senators,21,1,-80.0,-5.0
71,8482092,Ridly Greig,Center,Ottawa Senators,265,3,70.0,-2.0
14,8477952,Robby Fabbri,Center,Detroit Red Wings,348,3,-79.0,5.0
18,8480023,Robert Thomas,Center,St. Louis Blues,76,1,58.0,-10.0
18,8480023,Robert Thomas,Center,St. Louis Blues,208,2,-61.0,-4.0
18,8480023,Robert Thomas,Center,St. Louis Blues,254,3,76.0,7.0
18,8480023,Robert Thomas,Center,St. Louis Blues,304,3,77.0,-9.0
18,8480023,Robert Thomas,Center,St. Louis Blues,324,5,78.0,4.0
59,8474600,Roman Josi,Defenseman,Nashville Predators,179,2,63.0,-26.0
59,8474600,Roman Josi,Defenseman,Nashville Predators,330,4,-55.0,8.0
24,8478449,Roope Hintz,Center,Dallas Stars,107,2,66.0,-15.0
24,8478449,Roope Hintz,Center,Dallas Stars,124,2,77.0,-1.0
24,8478449,Roope Hintz,Center,Dallas Stars,148,2,75.0,6.0
24,8478449,Roope Hintz,Center,Dallas Stars,223,2,81.0,2.0
24,8478449,Roope Hintz,Center,Dallas Stars,273,3,-86.0,-4.0
20,8479525,Ross Colton,Center,Colorado Avalanche,46,1,-76.0,10.0
20,8479525,Ross Colton,Center,Colorado Avalanche,304,3,32.0,-39.0
8,8477987,Ryan Donato,Center,Chicago Blackhawks,70,1,74.0,11.0
8,8477987,Ryan Donato,Center,Chicago Blackhawks,203,2,83.0,0.0
38,8477451,Ryan Hartman,Right Wing,Minnesota Wild,75,1,82.0,-2.0
38,8477451,Ryan Hartman,Right Wing,Minnesota Wild,99,1,-77.0,-1.0
38,8477451,Ryan Hartman,Right Wing,Minnesota Wild,107,2,86.0,7.0
38,8477451,Ryan Hartman,Right Wing,Minnesota Wild,125,2,87.0,-4.0
38,8477451,Ryan Hartman,Right Wing,Minnesota Wild,202,3,-75.0,-1.0
38,8477451,Ryan Hartman,Right Wing,Minnesota Wild,208,3,82.0,3.0
38,8477451,Ryan Hartman,Right Wing,Minnesota Wild,278,3,-75.0,2.0
12,8475793,Ryan Johansen,Center,Colorado Avalanche,30,1,-70.0,-18.0
12,8475793,Ryan Johansen,Center,Colorado Avalanche,89,1,-88.0,-4.0
12,8475793,Ryan Johansen,Center,Colorado Avalanche,89,1,-77.0,1.0
12,8475793,Ryan Johansen,Center,Colorado Avalanche,297,3,-67.0,1.0
93,8476454,Ryan Nugent-Hopkins,Center,Edmonton Oilers,90,1,-80.0,14.0
93,8476454,Ryan Nugent-Hopkins,Center,Edmonton Oilers,187,2,-62.0,-20.0
90,8475158,Ryan O'Reilly,Center,Nashville Predators,86,1,81.0,-8.0
90,8475158,Ryan O'Reilly,Center,Nashville Predators,111,2,-71.0,-5.0
90,8475158,Ryan O'Reilly,Center,Nashville Predators,118,2,84.0,-4.0
90,8475158,Ryan O'Reilly,Center,Nashville Predators,146,2,86.0,-4.0
90,8475158,Ryan O'Reilly,Center,Nashville Predators,175,2,81.0,1.0
90,8475158,Ryan O'Reilly,Center,Nashville Predators,215,2,-82.0,4.0
90,8475158,Ryan O'Reilly,Center,Nashville Predators,286,3,-86.0,4.0
6,8477506,Ryan Pulock,Defenseman,New York Islanders,5,1,31.0,-21.0
16,8476458,Ryan Strome,Center,Anaheim Ducks,8,1,84.0,13.0
16,8476458,Ryan Strome,Center,Anaheim Ducks,159,2,81.0,-3.0
39,8475842,Sam Carrick,Center,Anaheim Ducks,44,1,66.0,11.0
89,8474040,Sam Gagner,Center,Edmonton Oilers,315,3,90.0,2.0
89,8474040,Sam Gagner,Center,Edmonton Oilers,341,3,84.0,1.0
18,8478043,Sam Lafferty,Center,Vancouver Canucks,65,1,-85.0,3.0
18,8478043,Sam Lafferty,Center,Vancouver Canucks,167,2,88.0,5.0
18,8478043,Sam Lafferty,Center,Vancouver Canucks,271,3,-82.0,5.0
13,8477933,Sam Reinhart,Center,Florida Panthers,24,1,-79.0,4.0
13,8477933,Sam Reinhart,Center,Florida Panthers,95,1,-72.0,3.0
13,8477933,Sam Reinhart,Center,Florida Panthers,105,1,84.0,-8.0
13,8477933,Sam Reinhart,Center,Florida Panthers,181,2,81.0,-7.0
13,8477933,Sam Reinhart,Center,Florida Panthers,217,3,-80.0,1.0
13,8477933,Sam Reinhart,Center,Florida Panthers,237,3,-80.0,5.0
13,8477933,Sam Reinhart,Center,Florida Panthers,270,3,-79.0,-5.0
13,8477933,Sam Reinhart,Center,Florida Panthers,333,3,21.0,39.0
79,8478104,Sammy Blais,Left Wing,St. Louis Blues,256,3,77.0,1.0
11,8481239,Samuel Fagemo,Left Wing,Nashville Predators,80,1,60.0,-15.0
21,8476872,Scott Laughton,Center,Philadelphia Flyers,7,1,-64.0,-22.0
14,8476461,Sean Couturier,Center,Philadelphia Flyers,102,1,-69.0,-3.0
14,8476461,Sean Couturier,Center,Philadelphia Flyers,126,2,84.0,-4.0
50,8480434,Sean Durzi,Defenseman,Arizona Coyotes,43,1,84.0,7.0
50,8480434,Sean Durzi,Defenseman,Arizona Coyotes,114,2,42.0,0.0
50,8480434,Sean Durzi,Defenseman,Arizona Coyotes,177,2,-51.0,7.0
50,8480434,Sean Durzi,Defenseman,Arizona Coyotes,322,3,-52.0,-1.0
7,8476374,Sean Kuraly,Center,Columbus Blue Jackets,124,2,-57.0,14.0
7,8476374,Sean Kuraly,Center,Columbus Blue Jackets,290,3,85.0,-6.0
91,8477497,Sean Monahan,Center,Montréal Canadiens,50,1,-64.0,1.0
91,8477497,Sean Monahan,Center,Montréal Canadiens,82,1,-82.0,0.0
91,8477497,Sean Monahan,Center,Montréal Canadiens,133,2,-73.0,0.0
91,8477497,Sean Monahan,Center,Montréal Canadiens,138,2,84.0,-4.0
91,8477497,Sean Monahan,Center,Montréal Canadiens,201,2,73.0,4.0
91,8477497,Sean Monahan,Center,Montréal Canadiens,239,3,-81.0,0.0
26,8480336,Sean Walker,Defenseman,Philadelphia Flyers,196,2,70.0,25.0
26,8480336,Sean Walker,Defenseman,Philadelphia Flyers,280,3,70.0,-14.0
20,8478427,Sebastian Aho,Center,Carolina Hurricanes,39,1,79.0,1.0
20,8478427,Sebastian Aho,Center,Carolina Hurricanes,329,5,80.0,1.0
20,8478427,Sebastian Aho,Center,Carolina Hurricanes,338,4,71.0,13.0
24,8482093,Seth Jarvis,Center,Carolina Hurricanes,31,1,-82.0,2.0
24,8482093,Seth Jarvis,Center,Carolina Hurricanes,61,1,72.0,2.0
24,8482093,Seth Jarvis,Center,Carolina Hurricanes,229,3,-78.0,-13.0
24,8482093,Seth Jarvis,Center,Carolina Hurricanes,273,3,-65.0,16.0
24,8482093,Seth Jarvis,Center,Carolina Hurricanes,300,3,-79.0,2.0
41,8476906,Shayne Gostisbehere,Defenseman,Detroit Red Wings,38,1,-64.0,5.0
41,8476906,Shayne Gostisbehere,Defenseman,Detroit Red Wings,100,1,-70.0,3.0
41,8476906,Shayne Gostisbehere,Defenseman,Detroit Red Wings,236,3,-61.0,15.0
27,8477447,Shea Theodore,Defenseman,Vegas Golden Knights,236,3,-60.0,13.0
27,8477447,Shea Theodore,Defenseman,Vegas Golden Knights,240,3,-51.0,-15.0
27,8477447,Shea Theodore,Defenseman,Vegas Golden Knights,352,5,-80.0,2.0
27,8477447,Shea Theodore,Defenseman,Vegas Golden Knights,355,5,-77.0,0.0
87,8471675,Sidney Crosby,Center,Pittsburgh Penguins,148,2,-79.0,-4.0
87,8471675,Sidney Crosby,Center,Pittsburgh Penguins,184,2,-79.0,14.0
87,8471675,Sidney Crosby,Center,Pittsburgh Penguins,189,2,-82.0,-19.0
87,8471675,Sidney Crosby,Center,Pittsburgh Penguins,218,2,-80.0,3.0
87,8471675,Sidney Crosby,Center,Pittsburgh Penguins,250,3,57.0,4.0
10,8481601,Simon Holmstrom,Right Wing,New York Islanders,54,1,79.0,-6.0
10,8481601,Simon Holmstrom,Right Wing,New York Islanders,128,2,-78.0,-7.0
10,8481601,Simon Holmstrom,Right Wing,New York Islanders,135,2,-65.0,7.0
15,8477947,Sonny Milano,Left Wing,Washington Capitals,92,1,-72.0,-20.0
15,8477947,Sonny Milano,Left Wing,Washington Capitals,94,1,-84.0,-8.0
23,8476474,Stefan Noesen,Right Wing,Carolina Hurricanes,15,1,83.0,8.0
23,8476474,Stefan Noesen,Right Wing,Carolina Hurricanes,265,3,-80.0,2.0
18,8478904,Steven Lorentz,Center,Florida Panthers,183,2,-63.0,-27.0
91,8474564,Steven Stamkos,Center,Tampa Bay Lightning,62,1,80.0,14.0
91,8474564,Steven Stamkos,Center,Tampa Bay Lightning,103,1,60.0,15.0
91,8474564,Steven Stamkos,Center,Tampa Bay Lightning,132,2,76.0,-17.0
91,8474564,Steven Stamkos,Center,Tampa Bay Lightning,168,2,-68.0,21.0
72,8479420,Tage Thompson,Center,Buffalo Sabres,67,1,-87.0,-2.0
72,8479420,Tage Thompson,Center,Buffalo Sabres,75,1,66.0,21.0
72,8479420,Tage Thompson,Center,Buffalo Sabres,155,2,-78.0,1.0
72,8479420,Tage Thompson,Center,Buffalo Sabres,185,2,77.0,5.0
72,8479420,Tage Thompson,Center,Buffalo Sabres,269,3,73.0,12.0
72,8479420,Tage Thompson,Center,Buffalo Sabres,311,3,38.0,2.0
84,8479661,Tanner Jeannot,Left Wing,Tampa Bay Lightning,68,1,80.0,11.0
84,8479661,Tanner Jeannot,Left Wing,Tampa Bay Lightning,176,2,79.0,-2.0
70,8476871,Tanner Pearson,Left Wing,Montréal Canadiens,149,2,60.0,-15.0
70,8476871,Tanner Pearson,Left Wing,Montréal Canadiens,152,2,52.0,16.0
70,8476871,Tanner Pearson,Left Wing,Montréal Canadiens,288,3,-71.0,-5.0
71,8475791,Taylor Hall,Left Wing,Chicago Blackhawks,66,1,-76.0,-19.0
11,8479390,Taylor Raddysh,Right Wing,Chicago Blackhawks,198,3,68.0,-10.0
11,8479390,Taylor Raddysh,Right Wing,Chicago Blackhawks,377,3,-47.0,27.0
86,8476882,Teuvo Teravainen,Left Wing,Carolina Hurricanes,32,1,-86.0,11.0
86,8476882,Teuvo Teravainen,Left Wing,Carolina Hurricanes,84,1,-62.0,31.0
86,8476882,Teuvo Teravainen,Left Wing,Carolina Hurricanes,153,2,-48.0,7.0
86,8476882,Teuvo Teravainen,Left Wing,Carolina Hurricanes,154,2,75.0,-10.0
86,8476882,Teuvo Teravainen,Left Wing,Carolina Hurricanes,207,3,-33.0,-17.0
86,8476882,Teuvo Teravainen,Left Wing,Carolina Hurricanes,223,2,74.0,-31.0
86,8476882,Teuvo Teravainen,Left Wing,Carolina Hurricanes,259,3,67.0,0.0
86,8476882,Teuvo Teravainen,Left Wing,Carolina Hurricanes,261,3,-82.0,11.0
55,8481581,Thomas Harley,Defenseman,Dallas Stars,6,1,-80.0,-7.0
55,8481581,Thomas Harley,Defenseman,Dallas Stars,257,3,-52.0,8.0
18,8482116,Tim Stützle,Center,Ottawa Senators,280,3,78.0,21.0
18,8482116,Tim Stützle,Center,Ottawa Senators,284,3,82.0,1.0
28,8478414,Timo Meier,Right Wing,New Jersey Devils,89,2,-82.0,4.0
28,8478414,Timo Meier,Right Wing,New Jersey Devils,132,2,-81.0,-1.0
43,8476880,Tom Wilson,Right Wing,Washington Capitals,57,1,-69.0,17.0
43,8476880,Tom Wilson,Right Wing,Washington Capitals,76,1,-78.0,1.0
43,8476880,Tom Wilson,Right Wing,Washington Capitals,327,3,-88.0,-9.0
48,8476881,Tomas Hertl,Center,San Jose Sharks,262,3,-85.0,-7.0
82,8478438,Tommy Novak,Center,Nashville Predators,28,1,-69.0,-5.0
82,8478438,Tommy Novak,Center,Nashville Predators,106,2,-81.0,-3.0
82,8478438,Tommy Novak,Center,Nashville Predators,122,2,-66.0,2.0
82,8478438,Tommy Novak,Center,Nashville Predators,209,2,66.0,6.0
82,8478438,Tommy Novak,Center,Nashville Predators,235,3,80.0,3.0
82,8478438,Tommy Novak,Center,Nashville Predators,255,3,-73.0,-23.0
11,8478439,Travis Konecny,Right Wing,Philadelphia Flyers,65,1,-67.0,1.0
11,8478439,Travis Konecny,Right Wing,Philadelphia Flyers,72,1,-69.0,-14.0
11,8478439,Travis Konecny,Right Wing,Philadelphia Flyers,73,1,-54.0,-28.0
11,8478439,Travis Konecny,Right Wing,Philadelphia Flyers,88,1,-83.0,1.0
11,8478439,Travis Konecny,Right Wing,Philadelphia Flyers,93,1,65.0,4.0
11,8478439,Travis Konecny,Right Wing,Philadelphia Flyers,164,2,71.0,-16.0
11,8478439,Travis Konecny,Right Wing,Philadelphia Flyers,237,3,-74.0,9.0
11,8478439,Travis Konecny,Right Wing,Philadelphia Flyers,277,3,83.0,15.0
11,8478439,Travis Konecny,Right Wing,Philadelphia Flyers,306,3,-74.0,0.0
6,8477948,Travis Sanheim,Defenseman,Philadelphia Flyers,261,3,-58.0,3.0
11,8479365,Trent Frederic,Center,Boston Bruins,73,1,83.0,-10.0
11,8479365,Trent Frederic,Center,Boston Bruins,245,3,82.0,4.0
61,8473453,Trevor Lewis,Center,Los Angeles Kings,60,1,-71.0,-12.0
61,8473453,Trevor Lewis,Center,Los Angeles Kings,129,2,83.0,6.0
12,8479675,Trevor Moore,Left Wing,Los Angeles Kings,68,1,-82.0,4.0
12,8479675,Trevor Moore,Left Wing,Los Angeles Kings,176,2,62.0,15.0
12,8479675,Trevor Moore,Left Wing,Los Angeles Kings,192,2,-80.0,-2.0
12,8479675,Trevor Moore,Left Wing,Los Angeles Kings,203,2,-59.0,31.0
12,8479675,Trevor Moore,Left Wing,Los Angeles Kings,261,3,72.0,7.0
12,8479675,Trevor Moore,Left Wing,Los Angeles Kings,274,3,52.0,-27.0
12,8479675,Trevor Moore,Left Wing,Los Angeles Kings,332,5,-74.0,0.0
11,8481533,Trevor Zegras,Center,Anaheim Ducks,207,3,60.0,5.0
19,8478873,Troy Terry,Right Wing,Anaheim Ducks,19,1,69.0,-23.0
19,8478873,Troy Terry,Right Wing,Anaheim Ducks,26,1,81.0,12.0
19,8478873,Troy Terry,Right Wing,Anaheim Ducks,50,1,78.0,-5.0
19,8478873,Troy Terry,Right Wing,Anaheim Ducks,287,4,-76.0,16.0
19,8478873,Troy Terry,Right Wing,Anaheim Ducks,318,3,-81.0,-13.0
52,8481789,Tye Kartye,Left Wing,Seattle Kraken,211,2,-68.0,3.0
52,8481789,Tye Kartye,Left Wing,Seattle Kraken,283,3,80.0,0.0
59,8477479,Tyler Bertuzzi,Left Wing,Toronto Maple Leafs,143,2,84.0,6.0
59,8477479,Tyler Bertuzzi,Left Wing,Toronto Maple Leafs,231,3,82.0,1.0
90,8474870,Tyler Johnson,Center,Chicago Blackhawks,223,3,81.0,2.0
90,8474870,Tyler Johnson,Center,Chicago Blackhawks,223,2,-75.0,0.0
90,8474870,Tyler Johnson,Center,Chicago Blackhawks,292,3,85.0,8.0
57,8474574,Tyler Myers,Defenseman,Vancouver Canucks,106,2,46.0,-8.0
57,8474574,Tyler Myers,Defenseman,Vancouver Canucks,219,3,-73.0,13.0
91,8475794,Tyler Seguin,Center,Dallas Stars,40,1,-80.0,0.0
73,8475726,Tyler Toffoli,Right Wing,New Jersey Devils,107,2,67.0,-22.0
73,8475726,Tyler Toffoli,Right Wing,New Jersey Devils,129,2,-79.0,12.0
73,8475726,Tyler Toffoli,Right Wing,New Jersey Devils,131,2,-85.0,-5.0
73,8475726,Tyler Toffoli,Right Wing,New Jersey Devils,159,2,-78.0,-4.0
73,8475726,Tyler Toffoli,Right Wing,New Jersey Devils,203,2,-62.0,10.0
73,8475726,Tyler Toffoli,Right Wing,New Jersey Devils,268,3,75.0,11.0
73,8475726,Tyler Toffoli,Right Wing,New Jersey Devils,325,3,64.0,-12.0
75,8481006,Tyler Tucker,Defenseman,St. Louis Blues,121,2,-51.0,3.0
17,8479370,Tyson Jost,Center,Buffalo Sabres,136,2,-54.0,-3.0
13,8477501,Valeri Nichushkin,Right Wing,Colorado Avalanche,298,3,18.0,-38.0
77,8475167,Victor Hedman,Defenseman,Tampa Bay Lightning,96,1,-79.0,-2.0
77,8475167,Victor Hedman,Defenseman,Tampa Bay Lightning,245,3,41.0,-5.0
29,8478407,Vince Dunn,Defenseman,Seattle Kraken,141,2,-51.0,-7.0
29,8478407,Vince Dunn,Defenseman,Seattle Kraken,233,3,43.0,9.0
73,8479576,Vincent Desharnais,Defenseman,Edmonton Oilers,285,3,34.0,-22.0
16,8476389,Vincent Trocheck,Center,New York Rangers,227,3,-77.0,1.0
13,8476994,Vinnie Hinostroza,Center,Pittsburgh Penguins,133,2,87.0,8.0
91,8475765,Vladimir Tarasenko,Right Wing,Ottawa Senators,29,1,80.0,-4.0
91,8475765,Vladimir Tarasenko,Right Wing,Ottawa Senators,48,1,81.0,10.0
91,8475765,Vladimir Tarasenko,Right Wing,Ottawa Senators,277,3,82.0,11.0
84,8478882,Vladislav Gavrikov,Defenseman,Los Angeles Kings,77,1,73.0,0.0
84,8478882,Vladislav Gavrikov,Defenseman,Los Angeles Kings,259,3,-74.0,-19.0
7,8476480,Vladislav Namestnikov,Center,Winnipeg Jets,218,2,82.0,-2.0
71,8482652,Walker Duehr,Right Wing,Calgary Flames,56,1,-82.0,4.0
37,8477998,Warren Foegele,Left Wing,Edmonton Oilers,92,1,68.0,11.0
37,8477998,Warren Foegele,Left Wing,Edmonton Oilers,107,2,-47.0,2.0
37,8477998,Warren Foegele,Left Wing,Edmonton Oilers,208,2,65.0,-19.0
50,8482157,Will Cuylle,Left Wing,New York Rangers,242,3,-79.0,2.0
50,8482157,Will Cuylle,Left Wing,New York Rangers,265,3,-65.0,1.0
28,8477478,William Carrier,Left Wing,Vegas Golden Knights,179,2,-64.0,-12.0
28,8477478,William Carrier,Left Wing,Vegas Golden Knights,196,2,81.0,5.0
28,8477478,William Carrier,Left Wing,Vegas Golden Knights,206,2,72.0,10.0
72,8482667,William Eklund,Left Wing,San Jose Sharks,193,2,-87.0,5.0
71,8476448,William Karlsson,Center,Vegas Golden Knights,20,1,-80.0,1.0
71,8476448,William Karlsson,Center,Vegas Golden Knights,27,1,75.0,6.0
71,8476448,William Karlsson,Center,Vegas Golden Knights,41,1,-68.0,-10.0
71,8476448,William Karlsson,Center,Vegas Golden Knights,304,3,-76.0,6.0
71,8476448,William Karlsson,Center,Vegas Golden Knights,309,3,-59.0,25.0
71,8476448,William Karlsson,Center,Vegas Golden Knights,340,3,-86.0,-11.0
88,8477939,William Nylander,Right Wing,Toronto Maple Leafs,17,1,-82.0,-18.0
88,8477939,William Nylander,Right Wing,Toronto Maple Leafs,80,1,-75.0,-19.0
88,8477939,William Nylander,Right Wing,Toronto Maple Leafs,115,2,-80.0,10.0
88,8477939,William Nylander,Right Wing,Toronto Maple Leafs,120,1,-90.0,2.0
88,8477939,William Nylander,Right Wing,Toronto Maple Leafs,202,2,60.0,32.0
88,8477939,William Nylander,Right Wing,Toronto Maple Leafs,322,3,-60.0,-22.0
53,8482740,Wyatt Johnston,Center,Dallas Stars,23,1,-74.0,-17.0
53,8482740,Wyatt Johnston,Center,Dallas Stars,286,3,-34.0,22.0
53,8482740,Wyatt Johnston,Center,Dallas Stars,293,3,-87.0,-4.0
37,8476826,Yanni Gourde,Center,Seattle Kraken,44,1,85.0,-7.0
37,8476826,Yanni Gourde,Center,Seattle Kraken,63,1,-63.0,5.0
17,8481068,Yegor Sharangovich,Center,Calgary Flames,170,2,-42.0,-1.0
17,8481068,Yegor Sharangovich,Center,Calgary Flames,170,3,-66.0,-8.0
18,8475786,Zach Hyman,Left Wing,Edmonton Oilers,66,1,-81.0,-2.0
18,8475786,Zach Hyman,Left Wing,Edmonton Oilers,72,1,85.0,-6.0
18,8475786,Zach Hyman,Left Wing,Edmonton Oilers,158,2,-81.0,0.0
18,8475786,Zach Hyman,Left Wing,Edmonton Oilers,175,2,-85.0,-7.0
8,8478460,Zach Werenski,Defenseman,Columbus Blue Jackets,281,3,-63.0,41.0
28,8476878,Zemgus Girgensons,Left Wing,Buffalo Sabres,42,1,65.0,12.0
28,8476878,Zemgus Girgensons,Left Wing,Buffalo Sabres,51,1,-64.0,3.0
